skill,model,accuracy,precision,recall,f1,majority_baseline_acc,positive_rate,pr_auc,roc_auc
sql,spark_random_forest,0.8255520504731861,0.28505034856700234,0.6678765880217786,0.3995656894679696,0.9130914826498423,0.08690851735015773,0.3572861082313847,0.8347342839022255
sql,spark_gbt,0.7941640378548895,0.25131926121372034,0.691470054446461,0.3686502177068215,0.9130914826498423,0.08690851735015773,0.3528627086640846,0.8331785139787299
sql,spark_logistic_regression,0.8064668769716088,0.26297335203366057,0.6805807622504537,0.3793626707132018,0.9130914826498423,0.08690851735015773,0.3388171582805577,0.8195084300000721
python,spark_random_forest,0.8897476340694006,0.3614595210946408,0.6951754385964912,0.4756189047261815,0.9280757097791799,0.07192429022082018,0.465165309047039,0.8883181568809859
python,spark_gbt,0.88801261829653,0.3607456140350877,0.7214912280701754,0.48099415204678364,0.9280757097791799,0.07192429022082018,0.4657190898460422,0.8926804551743056
python,spark_logistic_regression,0.8665615141955836,0.3153409090909091,0.7302631578947368,0.4404761904761905,0.9280757097791799,0.07192429022082018,0.4471816057629048,0.8839925697997545
linux,spark_random_forest,0.8873817034700315,0.2939068100358423,0.6666666666666666,0.4079601990049751,0.9417981072555205,0.0582018927444795,0.4029749732173429,0.8994417008313446
linux,spark_gbt,0.8638801261829653,0.25496031746031744,0.6964769647696477,0.373275236020334,0.9417981072555205,0.0582018927444795,0.3981448785404431,0.8935437269294818
linux,spark_logistic_regression,0.8623028391167192,0.25245579567779963,0.6964769647696477,0.37058399423215577,0.9417981072555205,0.0582018927444795,0.3500798617940924,0.8764911162760933
postgresql,spark_random_forest,0.8652996845425868,0.2348860257680872,0.7429467084639498,0.3569277108433735,0.9496845425867508,0.050315457413249214,0.3325196673165674,0.8984502517052384
postgresql,spark_gbt,0.8675078864353313,0.24182358771060455,0.7648902821316614,0.3674698795180723,0.9496845425867508,0.050315457413249214,0.3125926956459507,0.900229031201662
postgresql,spark_logistic_regression,0.8695583596214511,0.24446680080482897,0.7617554858934169,0.3701447067783702,0.9496845425867508,0.050315457413249214,0.3067786130372663,0.9012216385805376
аналитическое мышление,spark_random_forest,0.5824921135646688,0.08945686900958466,0.7544910179640718,0.15994922246905743,0.9473186119873817,0.0526813880126183,0.1506661800729741,0.7490747775178912
аналитическое мышление,spark_gbt,0.6755520504731861,0.10097267253358036,0.6526946107784432,0.17488969113517852,0.9473186119873817,0.0526813880126183,0.1487804295167739,0.750857924510619
аналитическое мышление,spark_logistic_regression,0.6780757097791799,0.10135450723960766,0.6497005988023952,0.17535353535353537,0.9473186119873817,0.0526813880126183,0.1418754321602574,0.746825779011408
git,spark_random_forest,0.8561514195583596,0.1975071907957814,0.7330960854092526,0.311178247734139,0.9556782334384858,0.044321766561514195,0.2892416910862794,0.8904814402151088
git,spark_gbt,0.826813880126183,0.17135961383748993,0.7580071174377224,0.2795275590551181,0.9556782334384858,0.044321766561514195,0.2640293027647346,0.8787371980977093
git,spark_logistic_regression,0.8556782334384858,0.1916342412451362,0.701067615658363,0.3009931245225363,0.9556782334384858,0.044321766561514195,0.2319786268258468,0.8566034233947439
деловая коммуникация,spark_random_forest,0.6189274447949527,0.0781431334622824,0.8595744680851064,0.14326241134751774,0.9629337539432177,0.03706624605678233,0.1559425248164617,0.8151326955582275
деловая коммуникация,spark_gbt,0.7077287066246056,0.08682328907048008,0.723404255319149,0.15503875968992248,0.9629337539432177,0.03706624605678233,0.1471052223932367,0.7969651663268688
деловая коммуникация,spark_logistic_regression,0.7201892744479496,0.09003729355354288,0.7191489361702128,0.16003787878787878,0.9629337539432177,0.03706624605678233,0.1222069560550863,0.7980117448202553
работа с большим объемом информации,spark_random_forest,0.6253943217665615,0.07918822124950259,0.7653846153846153,0.143526866209881,0.9589905362776026,0.04100946372239748,0.1182963101044237,0.7609526821862346
работа с большим объемом информации,spark_gbt,0.7217665615141956,0.09085963003264418,0.6423076923076924,0.15919923736892277,0.9589905362776026,0.04100946372239748,0.1169662078049348,0.7670828061740889
работа с большим объемом информации,spark_logistic_regression,0.6906940063091482,0.08693540553666829,0.6884615384615385,0.154376886589047,0.9589905362776026,0.04100946372239748,0.1002684645322083,0.7505158780364374
docker,spark_random_forest,0.9,0.22056833558863329,0.7375565610859729,0.33958333333333335,0.9651419558359622,0.03485804416403786,0.3064518507071351,0.9224320952688716
docker,spark_gbt,0.8810725552050473,0.19047619047619047,0.7420814479638009,0.3031423290203327,0.9651419558359622,0.03485804416403786,0.3135585148191936,0.9075552078349536
docker,spark_logistic_regression,0.8927444794952681,0.20912547528517111,0.746606334841629,0.32673267326732675,0.9651419558359622,0.03485804416403786,0.3103975023158859,0.908061752615361
1с программирование,spark_random_forest,0.795583596214511,0.11009817671809256,0.8532608695652174,0.19503105590062111,0.9709779179810726,0.029022082018927444,0.2717258521024946,0.9087157809983892
1с программирование,spark_gbt,0.8466876971608833,0.1437613019891501,0.8641304347826086,0.24651162790697675,0.9709779179810726,0.029022082018927444,0.295467397389402,0.9094043986778534
1с программирование,spark_logistic_regression,0.8227129337539432,0.1281645569620253,0.8804347826086957,0.22375690607734808,0.9709779179810726,0.029022082018927444,0.2606317309362481,0.9162371634601798
организаторские навыки,spark_random_forest,0.6413249211356467,0.0651901379022148,0.8082901554404145,0.12064965197215778,0.9695583596214511,0.030441640378548896,0.0977345250382855,0.7785958186772935
организаторские навыки,spark_gbt,0.726813880126183,0.075565361279647,0.7098445595854922,0.13659022931206383,0.9695583596214511,0.030441640378548896,0.1242767914625273,0.7877940374469706
организаторские навыки,spark_logistic_regression,0.7353312302839117,0.07979626485568761,0.7305699481865285,0.14387755102040817,0.9695583596214511,0.030441640378548896,0.1083516215172195,0.789926591260238
деловая переписка,spark_random_forest,0.6911671924290221,0.07146306132303235,0.8087431693989071,0.1313220940550133,0.9711356466876971,0.02886435331230284,0.1164714051764471,0.8228840779209947
деловая переписка,spark_gbt,0.7555205047318612,0.07414330218068536,0.6502732240437158,0.1331096196868009,0.9711356466876971,0.02886435331230284,0.1028736582476656,0.7987474383859153
деловая переписка,spark_logistic_regression,0.7498422712933754,0.07303712720632989,0.6557377049180327,0.13143483023001096,0.9711356466876971,0.02886435331230284,0.1050347973115568,0.7916934033056692
английский язык,spark_random_forest,0.9441640378548896,0.23564954682779457,0.43575418994413406,0.30588235294117644,0.9717665615141956,0.028233438485804417,0.2443470460378086,0.7856366275880263
английский язык,spark_gbt,0.9230283911671924,0.17745302713987474,0.4748603351955307,0.2583586626139817,0.9717665615141956,0.028233438485804417,0.183530094576783,0.7624329105682803
английский язык,spark_logistic_regression,0.8541009463722398,0.09632034632034632,0.4972067039106145,0.1613780598368087,0.9717665615141956,0.028233438485804417,0.1357120909906339,0.743250705691505
javascript,spark_random_forest,0.945583596214511,0.3311965811965812,0.8288770053475936,0.4732824427480916,0.9705047318611988,0.02949526813880126,0.43268316784361,0.9434813329613576
javascript,spark_gbt,0.934384858044164,0.2851782363977486,0.8128342245989305,0.4222222222222223,0.9705047318611988,0.02949526813880126,0.4110048850419572,0.9268692894470848
javascript,spark_logistic_regression,0.9324921135646688,0.2764378478664193,0.7967914438502673,0.41046831955922863,0.9705047318611988,0.02949526813880126,0.444860051692528,0.918143490719278
1с: предприятие 8,spark_random_forest,0.7006309148264984,0.0679563492063492,0.8782051282051282,0.12615101289134437,0.9753943217665615,0.024605678233438486,0.1482668654010435,0.8692080679669618
1с: предприятие 8,spark_gbt,0.8086750788643533,0.0950191570881226,0.7948717948717948,0.16974674880219026,0.9753943217665615,0.024605678233438486,0.1431357445542094,0.8664642211496997
1с: предприятие 8,spark_logistic_regression,0.7872239747634069,0.08776779543883897,0.8141025641025641,0.1584529008109794,0.9753943217665615,0.024605678233438486,0.1350380433461711,0.8634607091916277
бизнес-анализ,spark_random_forest,0.8757097791798107,0.13443396226415094,0.6785714285714286,0.22440944881889763,0.9735015772870662,0.026498422712933754,0.1844327363486716,0.8870904121531964
бизнес-анализ,spark_gbt,0.8468454258675079,0.10905550146056475,0.6666666666666666,0.18744769874476988,0.9735015772870662,0.026498422712933754,0.1600687526457172,0.8761712842946645
бизнес-анализ,spark_logistic_regression,0.8100946372239748,0.09083728278041074,0.6845238095238095,0.1603905160390516,0.9735015772870662,0.026498422712933754,0.1358958876979372,0.834580806561121
управление командой,spark_random_forest,0.884384858044164,0.11497326203208556,0.5477707006369427,0.1900552486187845,0.9752365930599369,0.02476340694006309,0.1627960444890955,0.8451965580577926
управление командой,spark_gbt,0.8572555205047319,0.10631578947368421,0.643312101910828,0.18247515808491416,0.9752365930599369,0.02476340694006309,0.1447198722331775,0.8400947327323423
управление командой,spark_logistic_regression,0.8419558359621451,0.09020368574199807,0.5923566878980892,0.15656565656565657,0.9752365930599369,0.02476340694006309,0.1050479592596874,0.8043201463639258
разработка технических заданий,spark_random_forest,0.6168769716088328,0.045508982035928146,0.75,0.08581106511102747,0.97602523659306,0.023974763406940065,0.1071571144057743,0.7724373150069745
разработка технических заданий,spark_gbt,0.7924290220820189,0.0695266272189349,0.618421052631579,0.125,0.97602523659306,0.023974763406940065,0.106167949065586,0.7792698304017965
разработка технических заданий,spark_logistic_regression,0.7378548895899054,0.05325443786982249,0.5921052631578947,0.09771986970684038,0.97602523659306,0.023974763406940065,0.0793065370575609,0.7574013157894739
java,spark_random_forest,0.9665615141955836,0.3735408560311284,0.6530612244897959,0.4752475247524753,0.976813880126183,0.023186119873817034,0.438662515649899,0.9446813441992332
java,spark_gbt,0.9577287066246056,0.3225806451612903,0.7482993197278912,0.4508196721311475,0.976813880126183,0.023186119873817034,0.4514661738181409,0.9365780544415409
java,spark_logistic_regression,0.9307570977917982,0.21031746031746032,0.7210884353741497,0.32565284178187404,0.976813880126183,0.023186119873817034,0.3624501965287705,0.912030370035952
деловое общение,spark_random_forest,0.7277602523659306,0.06611570247933884,0.7947019867549668,0.12207527975584945,0.9761829652996845,0.023817034700315456,0.1318654814737109,0.8380538425897689
деловое общение,spark_gbt,0.7903785488958991,0.07503607503607504,0.6887417218543046,0.13532856213402733,0.9761829652996845,0.023817034700315456,0.1209189522345407,0.8245958702633064
деловое общение,spark_logistic_regression,0.7787066246056782,0.07181942544459645,0.695364238410596,0.1301921884686919,0.9761829652996845,0.023817034700315456,0.0936599098005124,0.8016476572941313
sql,catboost,0.864826498422713,0.3361884368308351,0.5698729582577132,0.4228956228956229,0.9130914826498423,0.08690851735015773,0.3840009102251023,0.8337981571532969
sql,xgboost,0.8881703470031546,0.3757861635220126,0.4337568058076225,0.4026958719460826,0.9130914826498423,0.08690851735015773,0.3841709500862817,0.8288875672899881
sql,lightgbm,0.88801261829653,0.38009049773755654,0.4573502722323049,0.41515650741350907,0.9130914826498423,0.08690851735015773,0.3803761818683034,0.831613338897007
python,catboost,0.9253943217665616,0.4851138353765324,0.6074561403508771,0.5394352482960078,0.9280757097791799,0.07192429022082018,0.4824971167666181,0.9043447439979964
python,xgboost,0.9255520504731861,0.48566308243727596,0.5942982456140351,0.534516765285996,0.9280757097791799,0.07192429022082018,0.5119711367108731,0.8966396755399716
python,lightgbm,0.927602523659306,0.49714285714285716,0.5723684210526315,0.5321100917431193,0.9280757097791799,0.07192429022082018,0.5009861872315213,0.897683056638878
linux,catboost,0.9378548895899054,0.46518105849582175,0.45257452574525747,0.45879120879120877,0.9417981072555205,0.0582018927444795,0.4205316052079948,0.8949282416957481
linux,xgboost,0.9354889589905363,0.4479166666666667,0.46612466124661245,0.45683930942895085,0.9417981072555205,0.0582018927444795,0.4435481077117035,0.8955064655319137
linux,lightgbm,0.9444794952681388,0.5282392026578073,0.43089430894308944,0.4746268656716418,0.9417981072555205,0.0582018927444795,0.4546385841619898,0.8977984830928529
postgresql,catboost,0.9227129337539433,0.3419593345656192,0.5799373040752351,0.43023255813953487,0.9496845425867508,0.050315457413249214,0.3773803547039788,0.9061229791862232
postgresql,xgboost,0.9148264984227129,0.3203252032520325,0.6175548589341693,0.42184154175588867,0.9496845425867508,0.050315457413249214,0.3918419371159052,0.9038711948098064
postgresql,lightgbm,0.9217665615141956,0.3422459893048128,0.6018808777429467,0.43636363636363634,0.9496845425867508,0.050315457413249214,0.3958647046984897,0.9054469232295118
аналитическое мышление,catboost,0.886435331230284,0.15901060070671377,0.2694610778443114,0.2,0.9473186119873817,0.0526813880126183,0.1608551820992737,0.7507370374136841
аналитическое мышление,xgboost,0.9175078864353312,0.20743034055727555,0.20059880239520958,0.2039573820395738,0.9473186119873817,0.0526813880126183,0.1513112111773897,0.7498970590287956
аналитическое мышление,lightgbm,0.9236593059936908,0.20930232558139536,0.16167664670658682,0.18243243243243243,0.9473186119873817,0.0526813880126183,0.1599559791645473,0.7510314037260145
git,catboost,0.9326498422712933,0.3098958333333333,0.4234875444839858,0.35789473684210527,0.9556782334384858,0.044321766561514195,0.309488048848183,0.8829698944953508
git,xgboost,0.9298107255520505,0.28534031413612565,0.3879003558718861,0.3288084464555053,0.9556782334384858,0.044321766561514195,0.3316190487107338,0.8706526980539522
git,lightgbm,0.9130914826498423,0.2597864768683274,0.5195729537366548,0.34638196915776986,0.9556782334384858,0.044321766561514195,0.3277840455117636,0.8736513841648463
деловая коммуникация,catboost,0.8798107255520504,0.14725568942436412,0.46808510638297873,0.2240325865580448,0.9629337539432177,0.03706624605678233,0.1802415303688438,0.7959569240420303
деловая коммуникация,xgboost,0.8682965299684543,0.13414634146341464,0.46808510638297873,0.20853080568720378,0.9629337539432177,0.03706624605678233,0.1856835105356341,0.7981041002317598
деловая коммуникация,lightgbm,0.910410094637224,0.16633266533066132,0.35319148936170214,0.22615803814713897,0.9629337539432177,0.03706624605678233,0.1920154443224863,0.8012417446460001
работа с большим объемом информации,catboost,0.9261829652996846,0.16666666666666666,0.2,0.18181818181818182,0.9589905362776026,0.04100946372239748,0.137990534787056,0.7581869939271255
работа с большим объемом информации,xgboost,0.929968454258675,0.17142857142857143,0.18461538461538463,0.17777777777777778,0.9589905362776026,0.04100946372239748,0.1395919670262434,0.7554684337044535
работа с большим объемом информации,lightgbm,0.9011041009463723,0.13948919449901767,0.27307692307692305,0.1846553966189857,0.9589905362776026,0.04100946372239748,0.1427464047496602,0.7575651568825911
docker,catboost,0.9490536277602524,0.32413793103448274,0.4253393665158371,0.3679060665362035,0.9651419558359622,0.03485804416403786,0.3137113555319502,0.9094327511889012
docker,xgboost,0.9446372239747634,0.30654761904761907,0.4660633484162896,0.36983842010771995,0.9651419558359622,0.03485804416403786,0.3369996616893519,0.9096390665082206
docker,lightgbm,0.9566246056782335,0.359375,0.31221719457013575,0.3341404358353511,0.9651419558359622,0.03485804416403786,0.3244690158570187,0.9106617693276412
1с программирование,catboost,0.9509463722397477,0.3058103975535168,0.5434782608695652,0.3913894324853229,0.9709779179810726,0.029022082018927444,0.327515037740504,0.9229432402463484
1с программирование,xgboost,0.9574132492113565,0.33070866141732286,0.45652173913043476,0.3835616438356164,0.9709779179810726,0.029022082018927444,0.3133320982949276,0.9160358752154136
1с программирование,lightgbm,0.9570977917981073,0.328125,0.45652173913043476,0.38181818181818183,0.9709779179810726,0.029022082018927444,0.3278586751876408,0.91745901841964
организаторские навыки,catboost,0.950788643533123,0.17486338797814208,0.16580310880829016,0.1702127659574468,0.9695583596214511,0.030441640378548896,0.114070442282858,0.7823935345688658
организаторские навыки,xgboost,0.9356466876971609,0.18658892128279883,0.3316062176165803,0.23880597014925373,0.9695583596214511,0.030441640378548896,0.1409095366970204,0.7912596481201917
организаторские навыки,lightgbm,0.8280757097791798,0.09991079393398751,0.5803108808290155,0.1704718417047184,0.9695583596214511,0.030441640378548896,0.1493184126934599,0.7890904278678422
деловая переписка,catboost,0.956782334384858,0.19047619047619047,0.15300546448087432,0.1696969696969697,0.9711356466876971,0.02886435331230284,0.1070280762806082,0.7906545572989471
деловая переписка,xgboost,0.944006309148265,0.1640625,0.22950819672131148,0.19134396355353075,0.9711356466876971,0.02886435331230284,0.1297867778061515,0.8054340388255937
деловая переписка,lightgbm,0.9509463722397477,0.18932038834951456,0.21311475409836064,0.20051413881748073,0.9711356466876971,0.02886435331230284,0.1158885521073754,0.8046392617226295
английский язык,catboost,0.9570977917981073,0.2895927601809955,0.3575418994413408,0.32,0.9717665615141956,0.028233438485804417,0.2290068628292109,0.7557078722800387
английский язык,xgboost,0.9594637223974763,0.3088235294117647,0.35195530726256985,0.3289817232375979,0.9717665615141956,0.028233438485804417,0.2346254777210262,0.7405802765458339
английский язык,lightgbm,0.9649842271293375,0.36645962732919257,0.329608938547486,0.34705882352941175,0.9717665615141956,0.028233438485804417,0.2474016675898389,0.7499594221717253
javascript,catboost,0.9608832807570978,0.4037854889589905,0.6844919786096256,0.5079365079365079,0.9705047318611988,0.02949526813880126,0.5062290205761001,0.9311370219822336
javascript,xgboost,0.9580441640378549,0.3827893175074184,0.6898395721925134,0.49236641221374045,0.9705047318611988,0.02949526813880126,0.5170986271148095,0.9393613480142288
javascript,lightgbm,0.9561514195583596,0.3673469387755102,0.6737967914438503,0.47547169811320755,0.9705047318611988,0.02949526813880126,0.5121935899767134,0.9303035517651056
1с: предприятие 8,catboost,0.9506309148264984,0.18972332015810275,0.3076923076923077,0.23471882640586797,0.9753943217665615,0.024605678233438486,0.1580716733954408,0.8554230105814841
1с: предприятие 8,xgboost,0.9555205047318612,0.2330508474576271,0.3525641025641026,0.28061224489795916,0.9753943217665615,0.024605678233438486,0.1716472774333892,0.8733212467243838
1с: предприятие 8,lightgbm,0.9580441640378549,0.24056603773584906,0.3269230769230769,0.27717391304347827,0.9753943217665615,0.024605678233438486,0.1730626928944169,0.8756447573556241
бизнес-анализ,catboost,0.9443217665615142,0.1986970684039088,0.3630952380952381,0.25684210526315787,0.9735015772870662,0.026498422712933754,0.2060592431398288,0.8453248927568435
бизнес-анализ,xgboost,0.9406940063091482,0.18674698795180722,0.36904761904761907,0.248,0.9735015772870662,0.026498422712933754,0.2065410224630056,0.8512579853717248
бизнес-анализ,lightgbm,0.9425867507886435,0.18387096774193548,0.3392857142857143,0.2384937238493724,0.9735015772870662,0.026498422712933754,0.1845494970433074,0.8396136160232077
управление командой,catboost,0.9618296529968454,0.2108843537414966,0.19745222929936307,0.20394736842105263,0.9752365930599369,0.02476340694006309,0.1535688436838961,0.8357619155049133
управление командой,xgboost,0.9116719242902208,0.12476722532588454,0.4267515923566879,0.1930835734870317,0.9752365930599369,0.02476340694006309,0.1444904289226147,0.8115219355310586
управление командой,lightgbm,0.9627760252365931,0.2348993288590604,0.2229299363057325,0.22875816993464052,0.9752365930599369,0.02476340694006309,0.1466527930859873,0.8207840277069548
разработка технических заданий,catboost,0.9599369085173501,0.21666666666666667,0.2565789473684211,0.23493975903614459,0.97602523659306,0.023974763406940065,0.1676980103212028,0.7721348407784167
разработка технических заданий,xgboost,0.9621451104100947,0.22839506172839505,0.24342105263157895,0.2356687898089172,0.97602523659306,0.023974763406940065,0.160798598312012,0.7814126662810872
разработка технических заданий,lightgbm,0.9695583596214511,0.26436781609195403,0.1513157894736842,0.19246861924686193,0.97602523659306,0.023974763406940065,0.1327505715452669,0.7741288316946211
java,catboost,0.9782334384858045,0.5266272189349113,0.6054421768707483,0.5632911392405063,0.976813880126183,0.023186119873817034,0.5149323273743718,0.9219977349893616
java,xgboost,0.9772870662460568,0.5088757396449705,0.5850340136054422,0.5443037974683544,0.976813880126183,0.023186119873817034,0.5005635608912011,0.9287329012018176
java,lightgbm,0.9769716088328075,0.5026737967914439,0.6394557823129252,0.562874251497006,0.976813880126183,0.023186119873817034,0.5248602370665053,0.9291431734973984
деловое общение,catboost,0.9361198738170347,0.13920454545454544,0.32450331125827814,0.19483101391650098,0.9761829652996845,0.023817034700315456,0.1400187591144272,0.7976248182258846
деловое общение,xgboost,0.9627760252365931,0.20279720279720279,0.19205298013245034,0.19727891156462585,0.9761829652996845,0.023817034700315456,0.1258931278915471,0.7970395028992904
деловое общение,lightgbm,0.9668769716088328,0.264,0.2185430463576159,0.2391304347826087,0.9761829652996845,0.023817034700315456,0.1431080335861953,0.7970930052143357
