itemset,kind,size,n_with,cells_with_any,cells_3,coverage_3,premium_3,cells_5,coverage_5,premium_5,cells_10,coverage_10,premium_10
B2B Продажи + Управление продажами,combo,2,159,19,15,0.9622641509433962,34299.88981475232,10,0.8616352201257862,34821.9789427476,7,0.7232704402515723,32370.366736457032
1С программирование + ERP-системы на базе 1С,combo,2,175,19,12,0.96,32203.25468400176,9,0.9028571428571428,32880.5401655861,7,0.8285714285714286,32962.919991041184
Активные продажи + Деловая коммуникация,combo,2,185,19,14,0.9675675675675676,34535.186640032356,12,0.9297297297297298,32704.763732205465,6,0.7027027027027027,39413.195198514426
Активные продажи + Деловое общение + Телефонные переговоры,combo,3,158,18,13,0.9493670886075949,33424.06880323361,10,0.8924050632911392,30500.654452137787,5,0.689873417721519,26938.235483788267
Навыки переговоров + Телефонные переговоры,combo,2,161,18,12,0.9316770186335404,28987.939871064587,11,0.9130434782608695,29830.181258693327,7,0.7639751552795031,27909.652765737286
Планирование продаж + Управление продажами,combo,2,166,17,12,0.963855421686747,31466.1039708001,10,0.927710843373494,29700.473229126605,7,0.8072289156626506,27766.460615815107
Управление командой + Управление продажами,combo,2,176,17,10,0.9488636363636364,28218.758481287638,9,0.9318181818181818,28636.83010781844,9,0.9318181818181818,28636.83010781844
Активные продажи + Проведение презентаций,combo,2,163,21,12,0.9079754601226994,23842.740017672026,9,0.8404907975460123,25871.740206264043,5,0.656441717791411,28134.700929324434
1С программирование + 1С: Управление Торговлей,combo,2,243,22,16,0.9670781893004116,26245.454834643275,11,0.9012345679012346,25269.15941345697,8,0.8353909465020576,28011.209445559918
Активные продажи + Управление продажами,combo,2,177,19,14,0.9548022598870056,23214.295220651635,12,0.9209039548022598,24627.99440534704,6,0.672316384180791,26949.336923248396
Навыки переговоров + Навыки продаж,combo,2,156,20,14,0.9551282051282052,25205.66259651121,10,0.8525641025641025,24268.963415975883,6,0.6730769230769231,22689.229703743033
1С программирование + 1С: Бухгалтерия,combo,2,259,22,15,0.9459459459459459,21304.81917882354,10,0.8764478764478765,23818.228068415803,8,0.8223938223938224,23204.065220889188
Деловое общение + Навыки продаж,combo,2,169,17,12,0.9526627218934911,24115.021584830352,9,0.8994082840236687,23357.396915656114,7,0.8047337278106509,19608.686029958608
1С программирование + Аналитическое мышление,combo,2,159,20,12,0.9371069182389937,23064.252981723144,9,0.8616352201257862,23172.13662045443,6,0.7421383647798742,28378.839542268466
1С: Бухгалтерия + 1С: Управление Торговлей,combo,2,169,19,14,0.9644970414201184,23432.032147753725,10,0.8816568047337278,23023.119335992124,8,0.8224852071005917,24220.993032316204
Навыки продаж + Телефонные переговоры,combo,2,195,18,10,0.9230769230769231,21372.699129695542,9,0.9076923076923077,23009.709169008074,8,0.8717948717948718,23272.628022927463
B2B Продажи + Развитие продаж,combo,2,199,18,15,0.9798994974874372,24852.126375524353,13,0.949748743718593,22792.065062249494,8,0.7989949748743719,22545.36962626108
Руководство коллективом + Управление командой,combo,2,204,19,14,0.9656862745098039,19868.102922147853,10,0.8872549019607843,22705.917653529556,9,0.8627450980392157,22888.02233804401
Активные продажи + Деловое общение,combo,2,246,18,14,0.967479674796748,23348.66534728109,12,0.943089430894309,22048.838430541036,8,0.8414634146341463,22014.57441179292
Деловая переписка + Деловое общение + Телефонные переговоры,combo,3,149,18,13,0.9463087248322147,21861.847126011897,11,0.9060402684563759,21867.76500643325,6,0.7181208053691275,17859.489667853017
Планирование продаж + Развитие продаж,combo,2,168,15,12,0.9702380952380952,23494.00552157569,10,0.9226190476190477,21673.16215472598,8,0.8511904761904762,18969.991189178018
1С программирование + 1С: Предприятие 8,combo,2,392,22,22,1.0,19682.866083678186,17,0.9591836734693877,21127.396360722723,9,0.8239795918367347,22541.52322709268
Деловая коммуникация + Навыки переговоров,combo,2,172,20,15,0.9593023255813954,23882.626251593032,13,0.9127906976744186,21058.818007558017,6,0.622093023255814,16678.662620528423
Активные продажи + Холодные продажи,combo,2,204,18,15,0.9803921568627451,20611.957724949672,10,0.9019607843137255,21026.862166730385,8,0.8382352941176471,22695.386945907805
Деловая коммуникация + Заключение договоров,combo,2,243,22,16,0.9711934156378601,24542.910383398288,14,0.9423868312757202,20829.243723743264,8,0.7695473251028807,19043.23259810561
Развитие продаж + Управление продажами,combo,2,264,20,17,0.9810606060606061,22811.229067861495,12,0.9204545454545454,20714.068457660607,8,0.821969696969697,19338.555440084132
B2B Продажи + Деловая коммуникация,combo,2,188,20,15,0.9627659574468085,21569.02420431974,13,0.9308510638297872,20524.492124803735,6,0.6702127659574468,16549.317526263545
Активные продажи + Телефонные переговоры,combo,2,352,19,16,0.9857954545454546,21516.4065490682,13,0.9573863636363636,20222.85510851733,9,0.8835227272727273,17651.134695290402
Активные продажи + Планирование продаж,combo,2,224,18,13,0.96875,20163.090373260668,12,0.9553571428571429,20218.805925889825,9,0.84375,21778.26070438645
1С программирование + 1С: Бухгалтерия + 1С: Предприятие 8,combo,3,157,22,13,0.9171974522292994,18140.772643469987,9,0.821656050955414,20045.655641261335,4,0.6050955414012739,16175.88053462801
Заключение договоров + Организаторские навыки,combo,2,149,21,15,0.9395973154362416,20707.259592128295,9,0.8053691275167785,19859.412590619362,7,0.7181208053691275,16749.308324092985
Поиск и привлечение клиентов + Развитие продаж,combo,2,174,21,13,0.9482758620689655,19724.706654734502,12,0.9252873563218391,19379.619270155825,6,0.6781609195402298,16451.77444226428
Активные продажи + Заключение договоров + Телефонные переговоры,combo,3,172,18,13,0.9593023255813954,22410.313072567664,9,0.8837209302325582,19162.467065393404,5,0.7383720930232558,18798.00758861487
Активные продажи + Заключение договоров,combo,2,268,20,15,0.9738805970149254,19365.638545103793,13,0.9440298507462687,19116.11723805815,8,0.8134328358208955,21421.2974891668
1С программирование + Обновление конфигурации 1С,combo,2,213,21,14,0.9577464788732394,17191.016586829293,9,0.8779342723004695,18613.464803980933,6,0.784037558685446,16869.43610405894
Организаторские навыки + Руководство коллективом,combo,2,298,21,17,0.9865771812080537,18525.104091889105,16,0.9765100671140939,18576.352935493167,9,0.8288590604026845,17371.429243948627
Управление командой + Управленческие навыки,combo,2,151,19,11,0.9271523178807947,18687.155547667277,9,0.8807947019867549,18404.119325434334,7,0.7880794701986755,15495.8379391289
B2B Продажи + Холодные продажи,combo,2,151,18,13,0.9470198675496688,18520.370261701904,9,0.847682119205298,18268.957799530916,4,0.6291390728476821,13449.692617393037
Деловое общение + Поиск и привлечение клиентов,combo,2,164,19,13,0.9390243902439024,16406.647279995792,9,0.8536585365853658,18268.28397323772,6,0.7073170731707317,17842.061027939744
Заключение договоров + Поиск и привлечение клиентов,combo,2,222,20,13,0.9459459459459459,19512.207860771276,12,0.9324324324324325,18255.198379493097,8,0.8018018018018018,19383.672614035968
Деловое общение + Заключение договоров,combo,2,223,20,16,0.9730941704035875,18214.89431141554,13,0.9282511210762332,18022.556596738483,7,0.7309417040358744,18046.71277528221
1С: Предприятие 8 + ERP-системы на базе 1С,combo,2,154,18,12,0.9285714285714286,16843.021498729755,10,0.8766233766233766,17695.366782944475,6,0.6948051948051948,20410.056615836955
Linux + PostgreSQL,combo,2,209,23,17,0.9617224880382775,17944.689908170858,15,0.9282296650717703,17613.81932867117,9,0.7320574162679426,19727.545585086278
Организаторские навыки + Управление продажами,combo,2,162,21,13,0.9259259259259259,17211.113394844644,9,0.8333333333333334,17532.402751526795,7,0.7592592592592593,15999.50397565295
Постановка задач разработчикам + Разработка технических заданий,combo,2,163,20,16,0.9631901840490797,15464.046464494257,11,0.8650306748466258,17216.03550623581,7,0.6871165644171779,21309.281879750488
Деловая коммуникация + Телефонные переговоры,combo,2,237,20,16,0.9831223628691983,16082.991024714598,15,0.9662447257383966,16904.837017551843,9,0.8270042194092827,18907.927988497944
Git + PostgreSQL,combo,2,233,23,20,0.9742489270386266,15094.835359147184,15,0.9055793991416309,16806.57285149076,7,0.6824034334763949,22660.66717404556
Активные продажи + Поиск и привлечение клиентов,combo,2,337,20,17,0.9910979228486647,17738.979372128288,12,0.9347181008902077,16790.900047870142,11,0.9109792284866469,16909.37192245391
PostgreSQL + SQL,combo,2,296,24,22,0.9898648648648649,15105.069946219273,18,0.9391891891891891,16760.484120731922,10,0.7466216216216216,17797.27960488704
1С + 1С программирование,combo,2,228,23,14,0.9385964912280702,16736.924992355056,11,0.8947368421052632,16556.40609965182,7,0.7850877192982456,19259.16826688756
Активные продажи + Навыки продаж,combo,2,242,15,12,0.9793388429752066,17168.51755140159,10,0.9462809917355371,16506.029920366724,7,0.8677685950413223,16337.107612551212
Деловое общение + Телефонные переговоры,combo,2,328,19,18,0.9969512195121951,16405.582071198896,15,0.9664634146341463,16475.56723295895,10,0.875,16295.932870487095
Активные продажи + Поиск и привлечение клиентов + Телефонные переговоры,combo,3,172,17,12,0.9534883720930233,18941.159575140176,9,0.9011627906976745,16281.983126053605,6,0.7616279069767442,19294.46283012392
PostgreSQL + Python,combo,2,257,24,22,0.9844357976653697,16842.75809386616,18,0.9299610894941635,16280.187840005745,8,0.6614785992217899,18082.80036549946
B2B Продажи + Заключение договоров,combo,2,233,20,15,0.9656652360515021,16659.21554478646,13,0.9356223175965666,16236.294626206492,6,0.7381974248927039,12050.242512311557
Заключение договоров + Телефонные переговоры,combo,2,272,19,17,0.9889705882352942,17383.23587687676,14,0.9522058823529411,15767.997598090176,8,0.8051470588235294,17578.546154352058
Организаторские навыки + Развитие продаж,combo,2,153,20,12,0.9411764705882353,18369.697702587662,10,0.9019607843137255,15678.367401411926,7,0.7777777777777778,12170.295628897105
Активные продажи + Развитие продаж,combo,2,205,20,12,0.9512195121951219,15651.690616455648,12,0.9512195121951219,15651.690616455648,8,0.8146341463414634,16719.764031273055
B2B Продажи + Деловое общение,combo,2,164,17,13,0.9695121951219512,14854.377495817102,11,0.926829268292683,15209.720900249851,5,0.676829268292683,12021.438404039474
Деловая коммуникация + Управление командой,combo,2,169,22,13,0.9289940828402367,13924.926693187006,9,0.8402366863905325,15022.279104197614,8,0.7928994082840237,10159.585872897362
Аналитика продаж + Развитие продаж,combo,2,165,18,13,0.9575757575757575,16366.013310453145,10,0.896969696969697,15021.089549093072,8,0.8181818181818182,13416.5433284372
B2B Продажи + Поиск и привлечение клиентов,combo,2,241,19,14,0.975103734439834,15631.534763129512,13,0.9626556016597511,14944.719498149696,10,0.8755186721991701,12277.875166343238
B2B Продажи + Активные продажи + Поиск и привлечение клиентов,combo,3,179,17,12,0.9664804469273743,14820.134896772932,12,0.9664804469273743,14820.134896772932,5,0.6424581005586593,14186.28428800426
Поиск и привлечение клиентов + Телефонные переговоры,combo,2,230,20,14,0.9608695652173913,17380.369707768732,11,0.9130434782608695,14708.11328641665,8,0.8217391304347826,14593.638080737002
Активные продажи + Деловая переписка,combo,2,161,19,13,0.9503105590062112,16659.119463428404,10,0.8881987577639752,14391.106766195806,6,0.7329192546583851,12588.696718398347
1С: Документооборот + 1С: Предприятие 8,combo,2,152,21,13,0.9276315789473685,14813.558385240141,9,0.8289473684210527,14294.902119154764,5,0.6447368421052632,11686.971742402164
Docker + PostgreSQL,combo,2,232,24,20,0.978448275862069,13803.114714194497,15,0.896551724137931,14270.04789012814,8,0.6767241379310345,15591.41118524731
1С: Предприятие 8 + 1С: Управление Торговлей,combo,2,197,19,15,0.9695431472081218,14744.099870964032,11,0.8934010152284264,13593.350812356937,7,0.766497461928934,13412.612974213587
Git + Python,combo,2,241,24,22,0.9875518672199171,12522.713738871698,18,0.9294605809128631,13471.439478070175,9,0.6680497925311203,8789.499034464894
B2B Продажи + Активные продажи,combo,2,338,19,15,0.9822485207100592,13494.048501796582,12,0.9497041420118343,12627.866636499333,12,0.9497041420118343,12627.866636499333
REST API + SQL,combo,2,154,23,16,0.9285714285714286,10370.086666786474,10,0.8051948051948052,12511.333189475148,6,0.6168831168831169,14923.764881277117
Организаторские навыки + Управление командой,combo,2,271,21,15,0.966789667896679,11817.13081787575,12,0.9261992619926199,12224.17848729035,9,0.8560885608856088,10085.356386295405
Git + SQL,combo,2,270,24,21,0.9851851851851852,11567.193252364059,17,0.9333333333333333,12100.780149316173,10,0.7666666666666667,13250.262905732998
Docker + Git,combo,2,227,23,19,0.9691629955947136,13667.613247733054,18,0.9515418502202643,11342.974440001293,9,0.7048458149779736,15176.949271260226
B2B Продажи + Активные продажи + Телефонные переговоры,combo,3,168,16,13,0.9761904761904762,13319.388618825886,9,0.8988095238095238,11315.413133701479,6,0.7738095238095238,12541.311014374238
B2B Продажи + Телефонные переговоры,combo,2,243,18,15,0.9876543209876543,10009.25597719949,13,0.9588477366255144,9708.866927777915,8,0.8148148148148148,7542.782419600966
Деловая переписка + Телефонные переговоры,combo,2,272,20,16,0.9816176470588235,7647.1093504682585,14,0.9558823529411765,9151.536367682325,9,0.8419117647058824,11507.346414834019
Организаторские навыки + Управленческие навыки,combo,2,159,20,13,0.9308176100628931,8243.151219433754,11,0.8930817610062893,8564.841014407011,6,0.7044025157232704,6642.369033671872
Linux + Python,combo,2,298,23,21,0.9865771812080537,7636.151372724918,17,0.9395973154362416,8311.903823018813,13,0.8322147651006712,8492.194447556372
1С: Бухгалтерия + 1С: Предприятие 8,combo,2,245,22,18,0.9795918367346939,6402.662949673485,14,0.926530612244898,8024.01941722382,9,0.8,9139.724782211186
Git + Linux,combo,2,234,24,19,0.9658119658119658,9325.81303831022,17,0.9316239316239316,7853.266330533943,10,0.7435897435897436,10745.652229585323
Аналитическое мышление + Разработка технических заданий,combo,2,168,20,17,0.9821428571428571,3756.6800267228996,11,0.8511904761904762,7826.787403574671,8,0.7380952380952381,9797.263769601239
Настройка сетевых подключений + Техническое обслуживание,combo,2,159,16,12,0.9685534591194969,4517.41415538592,7,0.8679245283018868,7465.672546605001,4,0.7295597484276729,8229.976946650619
Аналитическое мышление + Организаторские навыки,combo,2,193,20,15,0.9585492227979274,6302.144815436584,14,0.9378238341968912,7022.480077798755,8,0.7409326424870466,787.9443057373406
1С + 1С: Предприятие 8,combo,2,164,21,14,0.926829268292683,8670.539911103542,11,0.8719512195121951,6893.699170867559,7,0.7195121951219512,6767.381657456402
Docker + Python,combo,2,226,24,20,0.9690265486725663,6384.73335892989,15,0.8938053097345132,6770.152233357663,8,0.6991150442477876,7584.883368733434
Git + PHP,combo,2,196,21,15,0.9489795918367347,5505.839637448693,12,0.8979591836734694,6530.378677731779,8,0.7602040816326531,9442.935284790155
Деловая коммуникация + Деловое общение,combo,2,336,21,15,0.9791666666666666,6495.602213720107,14,0.9702380952380952,6426.297045531678,12,0.9255952380952381,5682.019780614767
Ведение переговоров + Управление проектами,combo,2,159,19,14,0.9559748427672956,6067.097992825599,12,0.9119496855345912,6423.157868026697,7,0.6855345911949685,8313.60496748908
Деловое общение + Организаторские навыки,combo,2,262,22,15,0.9656488549618321,6011.956330423581,13,0.9389312977099237,6111.309243190155,9,0.8206106870229007,2074.0105723253837
Docker + Linux,combo,2,237,24,21,0.9873417721518988,7075.64251305759,15,0.8945147679324894,6109.670287458712,8,0.7088607594936709,10659.236777256909
Python + SQL,combo,2,367,23,22,0.9945504087193461,8523.55975662785,19,0.9618528610354223,6069.715873824645,10,0.779291553133515,7402.183515694842
Деловое общение + Обучение и развитие,combo,2,150,18,12,0.94,6690.432673020675,9,0.88,5461.011052589351,6,0.7466666666666667,7131.661437527806
Linux + SQL,combo,2,201,23,18,0.9601990049751243,2961.3508876747123,14,0.8955223880597015,3649.8840826578285,9,0.7313432835820896,2057.6700611064903
Деловая переписка + Заключение договоров,combo,2,235,22,16,0.9659574468085106,3329.627016604713,12,0.9063829787234042,3212.3839124232954,9,0.8170212765957446,-430.6240807276734
Деловое общение + Работа с большим объемом информации,combo,2,254,19,16,0.9803149606299213,2288.911461033876,15,0.968503937007874,2853.372458626707,8,0.7913385826771654,7873.727886673334
Аналитическое мышление + Бизнес-анализ,combo,2,172,23,14,0.9302325581395349,383.805292041193,11,0.872093023255814,2683.4533620919237,8,0.7790697674418605,4084.740698335199
Деловая коммуникация + Деловая переписка + Деловое общение,combo,3,189,18,14,0.9735449735449735,2132.495819784404,13,0.9523809523809523,1294.3399399084756,8,0.7724867724867724,1174.4081657024203
Обучение персонала + Организаторские навыки,combo,2,180,18,15,0.9833333333333333,-1609.5373985520491,10,0.8833333333333333,458.895308818298,7,0.7777777777777778,-1658.9721725177824
Деловая коммуникация + Организаторские навыки,combo,2,467,24,21,0.9914346895074947,1470.7422888245314,17,0.961456102783726,30.02086713277571,14,0.9122055674518201,-1513.3188303442444
Деловая переписка + Деловое общение,combo,2,413,21,17,0.9830508474576272,-753.3699706988053,14,0.9588377723970944,-362.3921350433028,13,0.9467312348668281,-744.3396854853374
Деловая коммуникация + Работа с большим объемом информации,combo,2,319,20,19,0.9937304075235109,-940.0645275186296,16,0.9592476489028213,-416.7198124629058,12,0.8808777429467085,-2243.8001486103635
Организаторские навыки + Работа с большим объемом информации,combo,2,236,19,18,0.9957627118644068,-1673.346957846189,14,0.9322033898305084,-948.3045045747306,10,0.8220338983050848,-1598.4245248900188
Git + JavaScript,combo,2,219,23,18,0.9680365296803652,-1759.2470690837258,15,0.9223744292237442,-1801.3717530850802,7,0.6757990867579908,1746.7786304536878
Git + MySQL,combo,2,165,23,15,0.9212121212121213,-4678.2408261401915,13,0.8787878787878788,-3333.712985280882,5,0.5393939393939394,-4353.940121047524
Анализ данных + Аналитическое мышление,combo,2,185,19,14,0.9621621621621622,-3359.904473479704,14,0.9621621621621622,-3359.904473479704,8,0.745945945945946,-2084.363451767197
Аналитическое мышление + Работа с большим объемом информации,combo,2,382,22,16,0.9790575916230366,-3819.6351614266705,16,0.9790575916230366,-3819.6351614266705,12,0.900523560209424,-2607.6986674576788
Деловая переписка + Организаторские навыки,combo,2,288,22,16,0.9652777777777778,-4791.94421775649,13,0.9270833333333334,-4184.620786385678,10,0.8472222222222222,-8682.94872541579
Деловая переписка + Работа с большим объемом информации,combo,2,313,21,18,0.987220447284345,-6399.828296519525,13,0.9233226837060703,-4420.290526916809,12,0.9073482428115016,-4482.277591397334
Деловая коммуникация + Деловая переписка,combo,2,444,23,19,0.9887387387387387,-7039.014444624904,15,0.9594594594594594,-5805.14334222287,14,0.9481981981981982,-5768.625187142382
Работа с базами данных + Работа с большим объемом информации,combo,2,159,20,14,0.9371069182389937,-4722.1945679545415,10,0.8553459119496856,-6673.875496876933,5,0.6289308176100629,-7714.863413322502
MySQL + PHP,combo,2,243,21,18,0.9753086419753086,-8185.514832116609,15,0.9300411522633745,-6899.587274361595,10,0.8024691358024691,-4234.389796155128
Аналитическое мышление + Деловая коммуникация,combo,2,266,21,18,0.9849624060150376,-6501.549762806172,15,0.9473684210526315,-7044.264250000743,11,0.8383458646616542,-7176.6019126256915
Деловая коммуникация + Деловая переписка + Организаторские навыки,combo,3,164,20,15,0.9634146341463414,-6021.262527021399,11,0.8780487804878049,-7085.840108446991,6,0.6646341463414634,-13248.095875710982
Аналитическое мышление + Деловая переписка,combo,2,163,21,12,0.9263803680981595,-7345.397062752677,11,0.9079754601226994,-7267.905228837831,6,0.6625766871165644,-4726.79139687196
JavaScript + PHP,combo,2,207,21,16,0.9710144927536232,-10996.515031721707,13,0.9130434782608695,-10622.272801694104,5,0.6135265700483091,-7674.678312263486
Настройка ПК + Ремонт ПК,combo,2,164,17,11,0.9390243902439024,-11495.223421081115,9,0.9024390243902439,-11572.483127738617,5,0.7378048780487805,-6899.333676533307
Обучение и развитие + Организаторские навыки,combo,2,171,20,14,0.9473684210526315,-11952.624408780806,12,0.9064327485380117,-12803.424928889901,6,0.6374269005847953,-10821.548864455159
Грамотная речь + Работа в команде,combo,2,164,21,14,0.9512195121951219,-14903.948984742878,11,0.8963414634146342,-15635.658271711653,5,0.6585365853658537,-11501.184460630753
HTML + PHP,combo,2,184,19,14,0.9565217391304348,-17086.162922467025,13,0.9347826086956522,-17782.953729388304,8,0.75,-17511.6147206678
HTML + JavaScript,combo,2,260,23,17,0.9692307692307692,-20141.6306427784,15,0.9423076923076923,-19864.371271767523,10,0.8153846153846154,-18114.6430700477
CSS + HTML,combo,2,187,21,15,0.946524064171123,-20408.5801608452,13,0.9090909090909091,-20449.22168267975,8,0.732620320855615,-18967.28106653115
Настройка ПО + Настройка сетевых подключений,combo,2,286,22,17,0.9790209790209791,-20762.61954084385,16,0.9685314685314685,-21043.179468648334,8,0.7902097902097902,-19100.540652748423
Настройка ПК + Настройка сетевых подключений,combo,2,370,22,17,0.9783783783783784,-21779.533576602225,15,0.9567567567567568,-21582.956053321923,9,0.8432432432432433,-19350.669802093154
Настройка ПК + Настройка ПО,combo,2,335,21,17,0.9850746268656716,-21634.27131247597,15,0.9671641791044776,-21660.918863500337,9,0.8417910447761194,-18628.74176729569
Администрирование серверов + Администрирование сетевого оборудования,combo,2,169,21,13,0.9171597633136095,-21914.40835016577,13,0.9171597633136095,-21914.40835016577,8,0.727810650887574,-23264.344182500696
Настройка ПК + Настройка ПО + Настройка сетевых подключений,combo,3,232,21,16,0.978448275862069,-22320.477680918186,14,0.9482758620689655,-22236.243830662428,6,0.7370689655172413,-18073.346702432755
JavaScript + Python,combo,2,163,23,17,0.950920245398773,-19351.499132341196,11,0.8098159509202454,-22585.962070232457,5,0.5705521472392638,-20175.26558619643
Администрирование сетевого оборудования + Настройка сетевых подключений,combo,2,294,22,18,0.9761904761904762,-22553.326305942493,15,0.9421768707482994,-22652.23197336953,11,0.8571428571428571,-22230.740513368557
Администрирование сетевого оборудования + Настройка ПК + Настройка ПО,combo,3,163,20,16,0.9631901840490797,-25080.63424174103,11,0.8588957055214724,-23417.41452439076,4,0.558282208588957,-21564.988516763344
Администрирование сетевого оборудования + Настройка ПО + Настройка сетевых подключений,combo,3,154,22,15,0.935064935064935,-24765.332024550127,11,0.8506493506493507,-23512.342170993925,4,0.5454545454545454,-23185.428610002768
Администрирование серверов Windows + Администрирование сетевого оборудования,combo,2,193,20,18,0.9792746113989638,-25455.47255501205,12,0.8756476683937824,-23951.981526782252,7,0.7098445595854922,-24120.70791397135
Администрирование сетевого оборудования + Настройка ПО,combo,2,205,22,17,0.9658536585365853,-25574.972100344952,13,0.8926829268292683,-25142.707105880996,6,0.6682926829268293,-21600.666020244847
Администрирование сетевого оборудования + Техническая поддержка пользователей,combo,2,153,19,15,0.9607843137254902,-24586.347676551988,12,0.8888888888888888,-26180.005609931035,3,0.46405228758169936,-18223.182582066092
Администрирование сетевого оборудования + Настройка ПК,combo,2,252,22,16,0.9682539682539683,-26199.30931540385,13,0.9206349206349206,-26305.640983755482,9,0.8015873015873016,-22635.221523466156
Настройка сетевых подключений + Техническая поддержка пользователей,combo,2,167,20,15,0.9580838323353293,-26772.13583532736,12,0.8922155688622755,-26350.062880279143,5,0.5988023952095808,-20838.91446803969
Настройка ПК + Установка ПО,combo,2,175,19,12,0.9371428571428572,-26433.625660333648,12,0.9371428571428572,-26433.625660333648,5,0.6514285714285715,-28299.2864505682
Настройка ПК + Техническая поддержка пользователей,combo,2,160,19,16,0.975,-28443.698316814574,13,0.90625,-26759.683608026407,3,0.50625,-22399.47281484511
Администрирование сетевого оборудования + Настройка ПК + Настройка сетевых подключений,combo,3,177,22,16,0.96045197740113,-27379.342628078863,11,0.8587570621468926,-26956.518166645732,5,0.632768361581921,-22944.046820350555
Администрирование сетевого оборудования + Установка ПО,combo,2,150,18,13,0.9466666666666667,-26981.149600213863,11,0.9,-27237.935094231194,4,0.58,-21485.333843503384
Настройка сетевых подключений + Установка ПО,combo,2,150,18,13,0.9466666666666667,-27647.935763858935,11,0.9,-27252.939921187233,4,0.5666666666666667,-23453.003983287912
Kubernetes,single,1,201,22,18,0.9651741293532339,36328.411751709435,14,0.8955223880597015,36864.3327177187,7,0.6368159203980099,28278.207530422245
Стратегическое мышление,single,1,223,21,14,0.9596412556053812,29887.488319551423,11,0.9147982062780269,30857.009046623138,10,0.8878923766816144,31091.74302809517
Умение принимать решения,single,1,153,22,16,0.934640522875817,28033.99093546556,12,0.8431372549019608,27396.89492447347,5,0.5098039215686274,26574.379985454594
Работа с CRM,single,1,178,18,14,0.9719101123595506,22568.750130667766,10,0.8932584269662921,26129.327396620443,5,0.6853932584269663,20022.08986573804
ERP-системы на базе 1С,single,1,360,22,17,0.9777777777777777,26698.535519925823,14,0.9472222222222222,25630.151682787462,9,0.85,26567.040002983013
Прямые продажи,single,1,217,20,13,0.9493087557603687,24978.459193008748,12,0.9354838709677419,25169.159340456863,6,0.7327188940092166,26810.372497038137
Строительство,single,1,310,21,17,0.9774193548387097,24155.56743395581,14,0.9419354838709677,24696.140550669756,11,0.8774193548387097,25823.38696668719
Стратегическое планирование,single,1,171,20,15,0.9649122807017544,24896.36558060374,11,0.8947368421052632,24635.586270261938,6,0.6783625730994152,22681.470637553844
BPMN,single,1,221,22,19,0.9773755656108597,23213.705536955964,15,0.918552036199095,24293.904923798815,7,0.6832579185520362,28630.609432346762
Автоматизация процессов,single,1,284,20,18,0.9859154929577465,25086.891490220005,15,0.9471830985915493,24101.623098236425,8,0.7640845070422535,23802.86234143015
Управление отношениями с клиентами,single,1,207,23,17,0.9565217391304348,24333.15429102222,13,0.8888888888888888,23620.275165325642,8,0.714975845410628,17480.198894932913
Управление командой,single,1,739,23,21,0.9959404600811907,22805.294917026313,18,0.9837618403247632,22677.67926075341,15,0.9566982408660352,23543.8708729009
Руководство коллективом,single,1,563,21,19,0.9928952042628775,22067.880938929724,18,0.9875666074600356,22178.88032418405,16,0.9591474245115453,22831.78762978172
UML,single,1,152,21,13,0.9078947368421053,21769.03106089043,13,0.9078947368421053,21769.03106089043,4,0.5394736842105263,32636.95767555663
Холодные продажи,single,1,278,20,16,0.9820143884892086,21741.298223776266,13,0.9424460431654677,21595.758321175108,10,0.8525179856115108,22520.37856405065
1С программирование,single,1,828,23,22,0.9975845410628019,21361.620395719605,22,0.9975845410628019,21361.620395719605,13,0.9130434782608695,23861.433258382982
PostgreSQL,single,1,759,24,24,1.0,20854.33700989244,24,1.0,20854.33700989244,19,0.9552042160737813,21232.355780540405
Управление продажами,single,1,489,23,21,0.9938650306748467,20389.578246276364,15,0.9529652351738241,20393.630984359494,12,0.9141104294478528,20345.219247472465
Управленческие навыки,single,1,311,21,16,0.9742765273311897,19149.581737280132,16,0.9742765273311897,19149.581737280132,10,0.8520900321543409,20920.929483090567
Redis,single,1,194,22,18,0.9690721649484536,20551.034125894002,12,0.8608247422680413,18645.17218186319,8,0.7010309278350515,16605.507450514855
1С: Управление Торговлей,single,1,396,23,19,0.9848484848484849,16831.94677527243,15,0.952020202020202,17279.42689687767,9,0.8459595959595959,19014.998428279545
Ориентация на результат,single,1,209,22,15,0.9569377990430622,16800.177335340213,12,0.9090909090909091,17273.602614606923,9,0.8086124401913876,14687.015567286351
Обновление конфигурации 1С,single,1,260,22,16,0.9692307692307692,15434.800688351426,13,0.9307692307692308,16930.164654643766,8,0.8192307692307692,18593.625655388365
Docker,single,1,519,24,23,0.9961464354527938,16409.09937195174,22,0.9903660886319846,16847.986887741343,17,0.9210019267822736,17556.905858954648
CI/CD,single,1,167,24,17,0.9401197604790419,17070.430990836416,14,0.8802395209580839,15755.455714420716,5,0.5508982035928144,19031.565867588077
1С: Зарплата и управление персоналом,single,1,224,20,15,0.96875,14269.300423205274,11,0.90625,15679.393967079692,8,0.8303571428571429,15690.391957470767
Планирование продаж,single,1,394,20,18,0.9949238578680203,15863.47669307685,14,0.9619289340101523,15312.14635606044,12,0.934010152284264,14710.501285597573
Развитие продаж,single,1,535,24,18,0.983177570093458,14933.737874474595,16,0.9700934579439252,15136.041635796206,12,0.9214953271028037,14360.639920094098
Активные продажи,single,1,876,21,20,0.9988584474885844,14762.054399799521,19,0.9954337899543378,14735.617162133187,14,0.954337899543379,14389.074002581863
Постановка задач разработчикам,single,1,377,22,19,0.9893899204244032,13391.505599380154,18,0.9814323607427056,14545.86468081657,13,0.8912466843501327,13996.172147500936
Поиск и привлечение клиентов,single,1,523,23,18,0.9866156787762906,14254.853488134113,18,0.9866156787762906,14254.853488134113,12,0.9101338432122371,15145.109215671862
C++,single,1,297,23,18,0.9663299663299664,14289.590629965352,17,0.9528619528619529,14226.172985058969,10,0.7912457912457912,12304.058033995849
Аналитика продаж,single,1,378,20,17,0.9841269841269841,14453.883407678493,15,0.9629629629629629,13938.638256965534,13,0.9232804232804233,15170.589831543679
Навыки переговоров,single,1,467,23,20,0.9935760171306209,13162.225603252802,16,0.9635974304068522,13810.089796633492,13,0.9122055674518201,12317.617243448363
B2B Продажи,single,1,673,23,19,0.9925705794947994,13575.22107175635,18,0.9881129271916791,13479.850236021834,14,0.9465081723625557,13175.135972507456
Node.js,single,1,151,22,15,0.9337748344370861,12986.28258473279,13,0.8874172185430463,13432.718550636657,4,0.46357615894039733,11022.787168378876
Контроль исполнения решений,single,1,154,22,17,0.9545454545454546,13054.152365848118,13,0.8571428571428571,12995.186180440272,5,0.512987012987013,12552.432214366605
Монтаж оборудования,single,1,284,19,12,0.9683098591549296,13048.132017927668,8,0.9190140845070423,12992.086695775415,7,0.9014084507042254,12214.445828505402
Оптимизация бизнес-процессов,single,1,295,22,17,0.9796610169491525,12561.231080263346,15,0.9559322033898305,12971.150694680182,9,0.8,17418.935546211207
Git,single,1,821,24,24,1.0,12782.1146220683,23,0.9963459196102314,12677.983235374395,19,0.9598051157125457,12362.822924603037
Навыки презентации,single,1,278,21,18,0.9892086330935251,12653.665187368177,14,0.9388489208633094,12616.36812942787,9,0.8165467625899281,12995.693907923447
Навыки продаж,single,1,480,22,16,0.98125,12405.541016179146,15,0.9729166666666667,12579.935168276057,12,0.9270833333333334,11191.955665834485
Заключение договоров,single,1,682,23,21,0.9956011730205279,11961.583538612713,19,0.9868035190615836,12224.350098004761,15,0.9545454545454546,12140.345094694378
REST,single,1,182,22,19,0.9725274725274725,11187.741786147593,13,0.8626373626373627,11860.10603490685,4,0.5164835164835165,16928.72297810206
Ведение переговоров,single,1,475,23,19,0.9852631578947368,10482.136556837611,16,0.9642105263157895,11094.206079726026,13,0.9157894736842105,10891.574155209548
Планирование,single,1,307,22,20,0.990228013029316,10240.66483872275,15,0.9348534201954397,11011.807831184151,8,0.7687296416938111,13311.136714277462
MS SQL,single,1,227,22,19,0.973568281938326,9455.321282787072,15,0.9074889867841409,10869.354479227799,9,0.7444933920704846,12021.933642997505
Проектная документация,single,1,334,23,20,0.9910179640718563,10499.36037633993,16,0.9491017964071856,10804.83252883285,10,0.8293413173652695,10062.751642917528
SQL,single,1,1190,24,24,1.0,10923.948264569364,23,0.9966386554621849,10730.369213783995,23,0.9966386554621849,10730.369213783995
Бюджетирование,single,1,175,21,16,0.96,9282.761860472361,13,0.8971428571428571,10715.08357257445,8,0.7257142857142858,7940.318220835209
Проведение презентаций,single,1,400,23,18,0.9825,10344.009595914282,16,0.9625,10419.028341116133,11,0.89,12103.095099307822
Системный анализ,single,1,288,23,21,0.9895833333333334,11146.910461349256,15,0.9097222222222222,10254.720074257995,10,0.8055555555555556,7616.2182509736585
1С: Предприятие,single,1,218,22,16,0.9541284403669725,9541.68235009236,13,0.908256880733945,10245.847370479087,7,0.7431192660550459,12305.039124416835
1С: Бухгалтерия,single,1,474,23,21,0.9936708860759493,9405.343852335373,17,0.9620253164556962,10102.516845044003,11,0.8776371308016878,12350.907394138138
REST API,single,1,359,24,21,0.9888579387186629,9231.747908485326,17,0.9498607242339833,9845.74150761336,11,0.8245125348189415,9581.667300619023
1С: Документооборот,single,1,332,23,17,0.9728915662650602,8458.233882240302,13,0.9246987951807228,9700.559371337882,9,0.8403614457831325,11746.118615764293
Bash,single,1,171,23,20,0.9766081871345029,8702.320739887231,16,0.8888888888888888,9376.430086534287,7,0.5146198830409356,15250.14933761704
AutoCAD,single,1,211,23,18,0.957345971563981,6567.37793720592,13,0.8767772511848341,8975.334815201404,9,0.7535545023696683,12488.435272418978
Бизнес-анализ,single,1,486,24,22,0.9917695473251029,7632.992265827739,20,0.9753086419753086,8375.788594610003,13,0.8744855967078189,8737.831761807764
Анализ бизнес показателей,single,1,163,19,14,0.9570552147239264,6851.904582601273,11,0.8957055214723927,8284.779437199151,8,0.7607361963190185,8600.128064130291
Анализ продаж,single,1,163,17,13,0.9754601226993865,10596.063631445137,9,0.8895705521472392,8284.399268363208,7,0.8098159509202454,5967.503977589043
Python,single,1,1072,24,24,1.0,8251.5295126225,24,1.0,8251.5295126225,23,0.9925373134328358,8513.847817616248
1С: Предприятие 8,single,1,787,23,22,0.9987293519695044,7924.511963059321,20,0.98856416772554,8175.728921666254,16,0.9580686149936467,8959.05056806803
Мотивация персонала,single,1,239,21,17,0.9665271966527197,6434.90593322854,14,0.9246861924686193,7949.774370898784,8,0.7489539748953975,5442.915326001409
TypeScript,single,1,217,21,18,0.9769585253456221,7845.852794100663,14,0.9124423963133641,7783.733468626619,8,0.7142857142857143,9246.467653383135
Телефонные переговоры,single,1,794,23,18,0.9937027707808564,7600.667496132319,18,0.9937027707808564,7600.667496132319,15,0.9634760705289672,8165.681552957363
Управление персоналом,single,1,154,18,16,0.9805194805194806,7026.973714114681,11,0.8701298701298701,7215.357640955849,6,0.6688311688311688,8145.503473459253
Подготовка коммерческих предложений,single,1,277,21,17,0.9747292418772563,8678.39812628416,15,0.9494584837545126,6971.615153109208,7,0.7472924187725631,10107.039908794235
Разработка технических заданий,single,1,579,22,21,0.9965457685664939,6546.711698957794,21,0.9965457685664939,6546.711698957794,16,0.9464594127806563,6984.16440711412
Техническая документация,single,1,290,23,20,0.9896551724137931,5067.177312920044,14,0.9137931034482759,6369.962527320882,10,0.8,6554.029559893376
1С,single,1,579,24,21,0.9913644214162349,6585.628908178246,17,0.9671848013816926,6338.272127383028,13,0.9291882556131261,7243.327991315039
Java,single,1,308,24,19,0.9707792207792207,7669.12447564427,16,0.9383116883116883,6292.5710163859085,11,0.8311688311688312,3080.5809875651394
Маркетинговая стратегия,single,1,158,19,11,0.9430379746835443,7537.566826751109,10,0.9240506329113924,5649.761166183824,8,0.8544303797468354,4294.850477243776
API,single,1,296,24,19,0.9763513513513513,6429.247183066984,18,0.9628378378378378,5511.7669171587,10,0.777027027027027,7642.487819866313
Консультирование клиентов,single,1,213,18,14,0.971830985915493,5544.310856617148,12,0.9436619718309859,5507.539441450321,8,0.8356807511737089,2719.091328338872
Linux,single,1,979,24,24,1.0,4977.3703143587745,24,1.0,4977.3703143587745,20,0.9724208375893769,4690.52908636048
Agile,single,1,168,24,17,0.9285714285714286,6386.525804655168,14,0.8630952380952381,4393.936422032656,6,0.5833333333333334,6405.109131125868
Инженерные системы,single,1,171,21,15,0.9532163742690059,3203.881200659956,13,0.9181286549707602,3487.6119474931834,7,0.6842105263157895,2081.7064288845863
Базы данных,single,1,293,23,17,0.9726962457337884,3382.851610174214,16,0.9590443686006825,2971.0588438844666,10,0.8191126279863481,1022.1687704633296
Разработка ПО,single,1,190,20,17,0.9842105263157894,2869.648980003839,15,0.9526315789473684,2961.0888554163025,6,0.6263157894736842,170.46583960016116
Навыки межличностного общения,single,1,171,20,15,0.9649122807017544,4026.3993810143265,11,0.8830409356725146,2933.9612703628745,6,0.672514619883041,3582.1666896555944
Анализ требований,single,1,158,19,14,0.9620253164556962,253.82890257901644,11,0.8924050632911392,2777.85966946881,6,0.6582278481012658,2628.979024526688
Настройка роутеров,single,1,156,18,11,0.9423076923076923,-1143.5769417127847,7,0.8589743589743589,2523.8621754800142,3,0.6923076923076923,618.6903062719373
Разработка инструкций,single,1,149,19,13,0.9463087248322147,1636.0277190994927,10,0.8791946308724832,2339.626920278566,6,0.7181208053691275,6167.529911552044
Организаторские навыки,single,1,1433,24,24,1.0,2178.539516124299,22,0.9951151430565248,2233.6700611190763,20,0.9874389392882066,2425.3078989130217
Документальное сопровождение,single,1,224,24,15,0.9419642857142857,3002.099561667756,13,0.9107142857142857,2125.9501128938277,8,0.7366071428571429,14.54820355863141
ООП,single,1,181,23,18,0.9558011049723757,4578.124873783217,13,0.850828729281768,1829.072305223528,6,0.5524861878453039,7037.085778836702
Системы видеонаблюдения,single,1,231,21,16,0.9696969696969697,1698.7504314761193,14,0.935064935064935,1799.0822480249617,6,0.7142857142857143,1826.3673926617964
Планирование бюджета,single,1,177,17,13,0.96045197740113,2354.6311122009033,10,0.8926553672316384,1787.294756667511,10,0.8926553672316384,1787.294756667511
Анализ рынка,single,1,322,20,17,0.9875776397515528,1506.0216523479273,13,0.9409937888198758,1684.3574793989103,11,0.9006211180124224,2136.722811067116
Анализ конкурентной среды,single,1,321,20,17,0.9906542056074766,1073.7663014070638,13,0.9532710280373832,1662.901216274115,10,0.8909657320872274,1393.8270988791296
Английский язык,single,1,572,24,22,0.9965034965034965,2316.2548701809055,19,0.9772727272727273,1460.5725876601475,18,0.965034965034965,1852.4182798560096
Управление проектами,single,1,589,24,21,0.9915110356536503,982.1049637872644,18,0.9728353140916808,1008.9517399991255,13,0.9202037351443124,1797.470890798911
CRM,single,1,159,20,15,0.9622641509433962,3574.858397006701,13,0.9182389937106918,779.3774583781463,4,0.5408805031446541,817.5617793935949
Техническое обслуживание,single,1,398,21,17,0.9849246231155779,630.7735716616173,15,0.964824120603015,692.2433206274463,10,0.8793969849246231,1812.7061316647262
React,single,1,194,23,18,0.9587628865979382,430.29163948547165,15,0.9020618556701031,622.2924568930893,8,0.6597938144329897,3261.554251701429
Информационная безопасность,single,1,161,19,15,0.9627329192546584,-111.33220789104112,12,0.8944099378881988,411.2697699154557,7,0.6894409937888198,-566.5835131557562
Работа с базами данных,single,1,395,21,19,0.9924050632911392,284.1488845515137,17,0.9772151898734177,347.8697657771071,11,0.8708860759493671,392.6473836778212
Деловое общение,single,1,1103,23,20,0.9963735267452403,-209.91203804288634,18,0.9900271985494107,67.22417626432568,18,0.9900271985494107,67.22417626432568
Анализ бизнес-процессов,single,1,166,20,17,0.9698795180722891,-1354.5957216442669,11,0.8373493975903614,43.442353842521094,8,0.7108433734939759,3030.7972528717214
Бухгалтерский учет,single,1,169,23,16,0.9467455621301775,649.6464592620978,11,0.8461538461538461,-234.19624931907663,7,0.6923076923076923,3932.009256451124
C#,single,1,190,23,19,0.9631578947368421,-292.8278898796163,14,0.8842105263157894,-399.0337052649513,6,0.5947368421052631,-3795.02598294018
Аналитическое мышление,single,1,1405,24,23,0.999288256227758,-489.3042269451959,22,0.9971530249110321,-696.2964159163824,19,0.9800711743772242,-488.99811616394743
Обучение персонала,single,1,414,24,19,0.9855072463768116,-592.3910685604528,16,0.961352657004831,-1040.8957605727637,12,0.9033816425120773,641.0903347968114
Проектный менеджмент,single,1,288,23,18,0.9722222222222222,-946.8156186084294,15,0.9375,-1154.4428906027724,9,0.7986111111111112,753.4851654681811
Организация работы сотрудников,single,1,178,19,15,0.9719101123595506,-681.9149182310218,13,0.9269662921348315,-1662.466205784835,8,0.7584269662921348,-691.433037713706
Деловая коммуникация,single,1,1527,24,23,0.9993451211525868,-1844.5359536870144,22,0.9973804846103471,-1795.5577579293392,19,0.9796987557301899,-2001.3951696166669
Информационные технологии,single,1,437,24,18,0.9839816933638444,-1948.1484763530013,17,0.977116704805492,-1841.3631791073758,11,0.8878718535469108,-4311.512054833565
Внимательность,single,1,205,19,16,0.9804878048780488,-2120.8481296030945,12,0.9121951219512195,-2207.455810355976,6,0.7170731707317073,1781.13608175284
PHP,single,1,490,23,21,0.9959183673469387,-3013.3885361741504,18,0.9714285714285714,-2279.3741231625536,14,0.9204081632653062,-2828.6561253410405
Мониторинг рынка,single,1,162,19,14,0.9567901234567902,-2170.887077049259,11,0.8888888888888888,-2465.009701228442,6,0.6851851851851852,5638.988508211807
Клиентоориентированность,single,1,235,16,13,0.9829787234042553,-558.7971248282445,9,0.9234042553191489,-2906.7210953444355,8,0.8978723404255319,-2148.484733999777
Project management,single,1,163,20,13,0.9386503067484663,-2681.163679322279,10,0.8711656441717791,-3178.526778911579,6,0.6871165644171779,-5209.033107210297
TCP/IP,single,1,215,24,17,0.9488372093023256,-2337.601067253443,12,0.8651162790697674,-3195.431710868492,9,0.7767441860465116,-3988.8194946055473
Поиск информации в интернет,single,1,152,18,12,0.9605263157894737,-4755.089111377675,10,0.9144736842105263,-3545.4992312143345,7,0.8157894736842105,-1765.9735775663717
Умение работать в коллективе,single,1,389,20,17,0.9897172236503856,-4610.23937423727,15,0.974293059125964,-3682.808083632665,12,0.9125964010282777,-3734.259839826136
Ответственность,single,1,392,21,20,0.9974489795918368,-4588.59762392009,16,0.9668367346938775,-3899.8889345416133,8,0.8239795918367347,-3144.704869410621
Коммуникабельность,single,1,211,19,16,0.976303317535545,-4516.065625985608,13,0.9241706161137441,-4386.390259036746,8,0.7630331753554502,-1892.316776781468
E-Commerce,single,1,240,18,12,0.9666666666666667,-4866.092868371865,11,0.9541666666666667,-4705.929185840658,10,0.925,-5041.183939563746
Битрикс24,single,1,278,19,16,0.9856115107913669,-6489.378517558719,14,0.9640287769784173,-4996.582719922741,10,0.8597122302158273,-4056.3852451660105
Маркетинговый анализ,single,1,265,20,13,0.9622641509433962,-5276.602598768773,13,0.9622641509433962,-5276.602598768773,9,0.8566037735849057,-6247.029085373824
Работа в команде,single,1,597,23,22,0.9966499162479062,-6789.056641698327,19,0.9782244556113903,-6007.126994942441,14,0.914572864321608,-5423.050202175869
Контроль качества,single,1,395,22,17,0.979746835443038,-6127.56166465687,16,0.9696202531645569,-6263.487950832778,12,0.9113924050632911,-6187.690621655368
Администрирование серверов Linux,single,1,196,21,18,0.9795918367346939,-8214.827782510858,14,0.9183673469387755,-6526.098579362944,8,0.7091836734693877,-5466.503179772675
Анализ данных,single,1,387,23,16,0.9715762273901809,-5708.968928463304,15,0.9638242894056848,-6696.527195778229,13,0.9302325581395349,-6629.352462692591
MySQL,single,1,372,24,21,0.9838709677419355,-6887.916168302436,18,0.9543010752688172,-6825.189924639883,12,0.8413978494623656,-4172.984355796727
Работа с большим объемом информации,single,1,1295,24,22,0.9976833976833976,-7181.951711917318,22,0.9976833976833976,-7181.951711917318,18,0.976061776061776,-6849.179454751311
Администрирование,single,1,212,19,17,0.9905660377358491,-7792.259599886643,12,0.910377358490566,-7228.405968354667,9,0.8349056603773585,-6281.660731911992
Деловая переписка,single,1,1168,23,23,1.0,-7523.138642287631,21,0.9940068493150684,-7281.690455215674,17,0.9708904109589042,-6292.9016028706965
Грамотная речь,single,1,453,21,17,0.9889624724061811,-8099.181608459904,13,0.9558498896247241,-8004.7599756154,10,0.9028697571743929,-7157.697350242845
Обучение и развитие,single,1,797,24,20,0.9937264742785445,-8654.148588422691,19,0.9887076537013801,-8456.27654684036,14,0.9485570890840652,-9125.60759160451
Пользователь ПК,single,1,358,21,18,0.9860335195530726,-10403.873898419444,13,0.9357541899441341,-8871.29776079462,10,0.8743016759776536,-8561.065681770018
Ведение документации,single,1,164,23,13,0.9207317073170732,-10332.806681504568,10,0.8536585365853658,-9146.710684471516,4,0.6097560975609756,-12942.03227159864
Продвижение бренда,single,1,303,21,15,0.9702970297029703,-8369.67114302282,13,0.9471947194719472,-9236.559890429284,8,0.8316831683168316,-9162.725538104169
Точность и внимательность к деталям,single,1,425,21,19,0.9929411764705882,-10147.914292745269,15,0.96,-9781.96463883123,13,0.9223529411764706,-9364.121250468746
MS Excel,single,1,383,19,18,0.9973890339425587,-9825.450974504425,16,0.97911227154047,-9851.198172923048,13,0.9190600522193212,-9088.51484005412
Подготовка презентаций,single,1,200,19,15,0.965,-11775.737564848147,10,0.88,-11574.190708380782,7,0.775,-11838.821738475506
JavaScript,single,1,568,24,23,0.9964788732394366,-11515.010800903701,21,0.9841549295774648,-11704.628780394041,15,0.9119718309859155,-10231.328934693845
Zabbix,single,1,171,22,14,0.9415204678362573,-9258.943181038412,11,0.8771929824561403,-11746.494746116537,8,0.7660818713450293,-9562.253306594752
Подбор персонала,single,1,432,23,20,0.9861111111111112,-13634.175434187271,19,0.9791666666666666,-13466.772834012547,12,0.8819444444444444,-12483.18326248011
MS PowerPoint,single,1,184,17,15,0.9782608695652174,-14211.356075984977,11,0.907608695652174,-13546.710890764198,8,0.8152173913043478,-12516.037983610497
1С-Битрикс,single,1,203,20,14,0.9655172413793104,-14412.101098246183,12,0.9261083743842364,-13692.698631957934,6,0.7339901477832512,-12134.075413108265
Ремонт ПК,single,1,216,18,15,0.9814814814814815,-14632.642686570929,9,0.8935185185185185,-14082.620441488767,6,0.7870370370370371,-12531.641622472529
Аналитика,single,1,195,20,14,0.9538461538461539,-14547.00458540575,11,0.9025641025641026,-14241.197934059182,7,0.7538461538461538,-12483.032276569165
Сбор и анализ информации,single,1,269,22,15,0.9628252788104089,-14979.513026588189,14,0.9516728624535316,-15200.806712101974,10,0.862453531598513,-13586.852749805083
Настройка сетевых подключений,single,1,708,24,20,0.9929378531073446,-15627.733724726382,19,0.9887005649717514,-15248.999441358186,15,0.9505649717514124,-14826.955406471656
Консультативные продажи,single,1,203,15,8,0.9556650246305419,-14495.385222034312,7,0.9408866995073891,-16066.87619771891,5,0.8768472906403941,-19084.00652793747
Маркетплейсы,single,1,247,15,11,0.9757085020242915,-17825.72519501446,10,0.9595141700404858,-17754.861839978556,7,0.8785425101214575,-18477.844886794497
CSS,single,1,219,23,16,0.9452054794520548,-19421.64979802574,13,0.8904109589041096,-18551.56902919112,8,0.726027397260274,-17797.406805415187
Интернет-реклама,single,1,205,21,16,0.975609756097561,-18411.635537022623,12,0.9121951219512195,-18622.951109145604,7,0.751219512195122,-17457.859548770357
Сборка ПК,single,1,170,19,14,0.9647058823529412,-17994.80491723766,12,0.9235294117647059,-18987.89302317178,7,0.7470588235294118,-16096.654677516934
Техническая поддержка,single,1,410,22,19,0.9926829268292683,-19373.073330502837,16,0.9658536585365853,-19000.755426696334,12,0.9,-19067.414232622792
Работа с оргтехникой,single,1,191,18,14,0.9738219895287958,-20881.462115506678,11,0.9267015706806283,-19167.3066801455,7,0.7905759162303665,-18269.6279406643
Розничная торговля,single,1,149,17,8,0.9194630872483222,-19596.34113581184,6,0.8657718120805369,-19193.670166634714,4,0.7919463087248322,-18583.62535992844
Настройка ПО,single,1,450,22,18,0.9888888888888889,-20373.995422443757,16,0.9733333333333334,-20355.002253037783,11,0.8822222222222222,-19919.170005563843
Настройка ПК,single,1,630,22,20,0.9968253968253968,-21097.158435045258,17,0.9825396825396825,-20738.345014048675,13,0.9365079365079365,-20460.509579249334
Active Directory,single,1,165,21,13,0.9212121212121213,-22909.490515586138,12,0.9030303030303031,-21277.752410849334,6,0.6909090909090909,-16692.67832038612
Администрирование серверов,single,1,249,23,16,0.9558232931726908,-21857.73501909576,14,0.927710843373494,-21817.379340799907,10,0.8232931726907631,-22503.52295252349
Документооборот,single,1,255,24,18,0.9686274509803922,-23023.88083374146,15,0.9254901960784314,-21954.682519878643,8,0.7529411764705882,-19550.716293162128
HTML,single,1,494,24,20,0.9878542510121457,-22753.172156803717,16,0.9595141700404858,-22327.19530889503,14,0.9291497975708503,-22381.53248257052
Администрирование сетевого оборудования,single,1,559,23,20,0.9928443649373881,-22867.82875032335,18,0.9803220035778175,-22536.08936352317,13,0.9302325581395349,-22049.073367839712
Администрирование серверов Windows,single,1,299,23,19,0.9832775919732442,-23850.136187394957,15,0.9431438127090301,-23332.43840317818,10,0.822742474916388,-22828.56102658217
Веб-программирование,single,1,207,22,13,0.9371980676328503,-24475.940118703005,12,0.9178743961352657,-23479.668527124424,6,0.7101449275362319,-20256.319921679744
Техническая поддержка пользователей,single,1,313,20,18,0.9936102236421726,-24440.2958561223,16,0.9744408945686901,-23905.552659808265,12,0.8881789137380192,-23374.610224615106
Мерчандайзинг,single,1,161,11,5,0.9440993788819876,-25323.250113590315,3,0.9006211180124224,-24844.294813287404,2,0.84472049689441,-25816.59180923778
Обеспечение антивирусной защиты,single,1,163,23,16,0.9570552147239264,-26834.80363048155,13,0.901840490797546,-24949.147560310063,5,0.6319018404907976,-22260.214129467186
Обслуживание покупателей,single,1,223,9,6,0.9775784753363229,-24836.268806908996,5,0.9641255605381166,-25122.548971077955,3,0.9192825112107623,-25525.259326673073
Организация мероприятий,single,1,151,19,15,0.9668874172185431,-25845.292991091545,11,0.8874172185430463,-25173.13313590813,7,0.7284768211920529,-27584.486487388192
Яндекс.Метрика,single,1,191,20,14,0.9528795811518325,-27470.01204470887,11,0.8952879581151832,-25220.783700579002,8,0.7905759162303665,-25244.61851527954
SEO оптимизация,single,1,202,20,12,0.9405940594059405,-26398.30512287043,10,0.905940594059406,-26133.014523705966,8,0.8217821782178217,-23375.955021155005
Установка ПО,single,1,253,19,14,0.9604743083003953,-25839.566540268082,13,0.9446640316205533,-26141.011951963123,9,0.8300395256916996,-25313.083782545298
Настройка почтовых серверов,single,1,151,19,16,0.9735099337748344,-28017.48247415714,13,0.9072847682119205,-27082.008497229148,6,0.609271523178808,-25989.255139901925
Figma,single,1,193,22,15,0.9430051813471503,-27679.616800380434,12,0.8911917098445595,-27420.973663025135,10,0.8290155440414507,-28032.146268215532
SEO,single,1,244,22,14,0.9549180327868853,-27171.356667092365,12,0.9262295081967213,-27464.3710244545,8,0.8114754098360656,-25526.79292138342
Adobe Photoshop,single,1,193,22,15,0.9585492227979274,-32616.01040346115,11,0.8808290155440415,-30738.029630375964,6,0.694300518134715,-27838.657121057917
