antecedent,consequent,confidence,lift,support
['CSS'],['HTML'],0.8538812785388128,25.685578540661453,0.012584118438761777
['Администрирование серверов Windows'],['Администрирование сетевого оборудования'],0.6454849498327759,17.159045356914223,0.012987886944818304
"['Настройка ПК', 'Настройка сетевых подключений']",['Администрирование сетевого оборудования'],0.4783783783783784,12.716820577285695,0.011911170928667563
"['Настройка ПК', 'Настройка сетевых подключений']",['Настройка ПО'],0.6270270270270271,20.705825825825826,0.015612382234185734
"['Телефонные переговоры', 'Деловая переписка']",['Деловое общение'],0.5477941176470589,7.380073062769986,0.010026917900403769
['Установка ПО'],['Настройка сетевых подключений'],0.5928853754940712,12.4438936155959,0.010094212651413189
['Установка ПО'],['Настройка ПК'],0.691699604743083,16.3153271848924,0.011776581426648721
['Установка ПО'],['Администрирование сетевого оборудования'],0.5928853754940712,15.760781180396956,0.010094212651413189
"['1С: Бухгалтерия', '1С программирование']",['1С: Предприятие 8'],0.6061776061776062,11.44574234790245,0.010565275908479138
['Аналитика продаж'],['Развитие продаж'],0.4365079365079365,12.124313900014835,0.01110363391655451
['1С: Предприятие 8'],['1С программирование'],0.49809402795425667,8.939223738406104,0.026379542395693137
"['1С: Бухгалтерия', '1С: Предприятие 8']",['1С программирование'],0.6408163265306123,11.500640836044562,0.010565275908479138
"['Деловое общение', 'Деловая переписка']",['Деловая коммуникация'],0.4576271186440678,4.453398155239586,0.01271870794078062
['Постановка задач разработчикам'],['Разработка технических заданий'],0.4323607427055703,11.096512325742271,0.010969044414535667
"['Поиск и привлечение клиентов', 'Активные продажи']",['Телефонные переговоры'],0.5103857566765578,9.552055849135579,0.011574697173620458
"['Поиск и привлечение клиентов', 'Активные продажи']",['B2B Продажи'],0.5311572700296736,11.728078800358023,0.012045760430686406
['1С: Управление Торговлей'],['1С: Бухгалтерия'],0.42676767676767674,13.379256702041511,0.011372812920592194
['1С: Управление Торговлей'],['1С: Предприятие 8'],0.49747474747474746,9.393233478366895,0.013257065948855989
['1С: Управление Торговлей'],['1С программирование'],0.6136363636363636,11.012845849802371,0.016352624495289368
['Настройка ПО'],['Настройка сетевых подключений'],0.6355555555555555,13.339485247959825,0.019246298788694483
['Настройка ПО'],['Настройка ПК'],0.7444444444444445,17.559435626102292,0.022543741588156124
['Настройка ПО'],['Администрирование сетевого оборудования'],0.45555555555555555,12.11011727290797,0.01379542395693136
['1С: Документооборот'],['1С: Предприятие 8'],0.4578313253012048,8.644693130846129,0.010228802153432033
"['Телефонные переговоры', 'Активные продажи']",['Деловое общение'],0.44886363636363635,6.04724717712025,0.01063257065948856
"['Телефонные переговоры', 'Активные продажи']",['Заключение договоров'],0.48863636363636365,10.64682751266329,0.011574697173620458
"['Телефонные переговоры', 'Активные продажи']",['Поиск и привлечение клиентов'],0.48863636363636365,13.883625934295152,0.011574697173620458
"['Телефонные переговоры', 'Активные продажи']",['B2B Продажи'],0.4772727272727273,10.53829528569499,0.011305518169582772
"['B2B Продажи', 'Активные продажи']",['Поиск и привлечение клиентов'],0.5295857988165681,15.047122314367499,0.012045760430686406
"['B2B Продажи', 'Активные продажи']",['Телефонные переговоры'],0.4970414201183432,9.302311716572518,0.011305518169582772
['Телефонные переговоры'],['Активные продажи'],0.4433249370277078,7.520329411223446,0.023687752355316286
['Телефонные переговоры'],['Деловое общение'],0.41309823677581864,5.565403262455725,0.022072678331090174
"['Администрирование сетевого оборудования', 'Настройка ПК']",['Настройка сетевых подключений'],0.7023809523809523,14.742063492063492,0.011911170928667563
"['Администрирование сетевого оборудования', 'Настройка ПК']",['Настройка ПО'],0.6468253968253969,21.359611992945325,0.010969044414535667
"['Администрирование сетевого оборудования', 'Настройка сетевых подключений']",['Настройка ПК'],0.6020408163265306,14.200518302559118,0.011911170928667563
"['Администрирование сетевого оборудования', 'Настройка сетевых подключений']",['Настройка ПО'],0.5238095238095238,17.297354497354497,0.010363391655450875
['PHP'],['JavaScript'],0.42244897959183675,11.052098304110377,0.013930013458950202
['PHP'],['Git'],0.4,7.239951278928137,0.013189771197846568
['PHP'],['MySQL'],0.4959183673469388,19.8100724160632,0.016352624495289368
['1С: Бухгалтерия'],['1С: Предприятие 8'],0.5168776371308017,9.759595537183879,0.01648721399730821
['1С: Бухгалтерия'],['1С программирование'],0.5464135021097046,9.806406571678998,0.017429340511440107
['Настройка сетевых подключений'],['Настройка ПК'],0.5225988700564972,12.326697157205631,0.02489905787348587
['Настройка сетевых подключений'],['Администрирование сетевого оборудования'],0.4152542372881356,11.038779903580851,0.019784656796769853
['Настройка сетевых подключений'],['Настройка ПО'],0.403954802259887,13.339485247959823,0.019246298788694483
['ERP-системы на базе 1С'],['1С: Предприятие 8'],0.42777777777777776,8.077227163631228,0.010363391655450875
['ERP-системы на базе 1С'],['1С программирование'],0.4861111111111111,8.724168008588299,0.011776581426648721
['Управленческие навыки'],['Управление командой'],0.4855305466237942,9.763171749431098,0.010161507402422611
['Управленческие навыки'],['Организаторские навыки'],0.5112540192926045,5.3016292579819275,0.01069986541049798
['REST API'],['SQL'],0.42896935933147634,5.356709814845159,0.010363391655450875
['Настройка ПК'],['Настройка сетевых подключений'],0.5873015873015873,12.326697157205633,0.02489905787348587
['Настройка ПК'],['Администрирование сетевого оборудования'],0.4,10.633273703041146,0.016958277254374158
['Настройка ПК'],['Настройка ПО'],0.5317460317460317,17.559435626102292,0.022543741588156124
"['Активные продажи', 'Деловое общение']",['Телефонные переговоры'],0.6422764227642277,12.02043783662018,0.01063257065948856
['Docker'],['Linux'],0.45664739884393063,6.93133845436242,0.01594885598923284
['Docker'],['Git'],0.4373795761078998,7.9165170535485885,0.015275908479138628
['Docker'],['Python'],0.43545279383429675,6.0362206309493,0.015208613728129206
['Docker'],['PostgreSQL'],0.44701348747591524,8.75180556507523,0.015612382234185734
['Поиск и привлечение клиентов'],['Телефонные переговоры'],0.4397705544933078,8.230466548829414,0.01547779273216689
['Поиск и привлечение клиентов'],['B2B Продажи'],0.4608030592734226,10.174641100747488,0.016218034993270524
['Поиск и привлечение клиентов'],['Активные продажи'],0.6443594646271511,10.930572653378386,0.022678331090174968
['Поиск и привлечение клиентов'],['Заключение договоров'],0.42447418738049714,9.248807074009072,0.01493943472409152
['Анализ данных'],['Аналитическое мышление'],0.4780361757105943,5.055955566590343,0.012449528936742935
['Руководство коллективом'],['Организаторские навыки'],0.5293072824156305,5.488838950939476,0.020053835800807537
['Холодные продажи'],['B2B Продажи'],0.5431654676258992,11.993222658129067,0.010161507402422611
['Холодные продажи'],['Активные продажи'],0.7338129496402878,12.448014191386617,0.013728129205921938
['1С программирование'],['1С: Предприятие 8'],0.47342995169082125,8.939223738406103,0.026379542395693137
"['Телефонные переговоры', 'Деловое общение']",['Активные продажи'],0.4817073170731707,8.171427775921595,0.01063257065948856
"['Телефонные переговоры', 'Деловое общение']",['Деловая переписка'],0.45426829268292684,5.7794750250584705,0.010026917900403769
"['Деловое общение', 'Деловая коммуникация']",['Деловая переписка'],0.5625,7.156464041095891,0.01271870794078062
['Администрирование серверов'],['Администрирование сетевого оборудования'],0.678714859437751,18.042402166806763,0.011372812920592194
['Навыки продаж'],['Телефонные переговоры'],0.40625,7.603117128463476,0.013122476446837146
['Навыки продаж'],['Активные продажи'],0.5041666666666667,8.552416286149162,0.016285329744279948
['B2B Продажи'],['Активные продажи'],0.5022288261515602,8.519543786086968,0.022745625841184388
"['Поиск и привлечение клиентов', 'Телефонные переговоры']",['Активные продажи'],0.7478260869565218,12.685725630335519,0.011574697173620458
"['1С: Предприятие 8', '1С программирование']",['1С: Бухгалтерия'],0.4005102040816326,12.556079393782829,0.010565275908479138
"['Деловая переписка', 'Деловая коммуникация']",['Деловое общение'],0.42567567567567566,5.734850898042194,0.01271870794078062
['Планирование продаж'],['Развитие продаж'],0.4263959390862944,11.843446083780066,0.011305518169582772
['Планирование продаж'],['Управление продажами'],0.4213197969543147,12.803296897221097,0.01117092866756393
['Планирование продаж'],['Активные продажи'],0.5685279187817259,9.644206476137498,0.015074024226110363
['Ремонт ПК'],['Настройка ПК'],0.7592592592592593,17.908877131099352,0.011036339165545087
['Техническая поддержка пользователей'],['Настройка сетевых подключений'],0.5335463258785943,11.198444071406655,0.011238223418573352
['Техническая поддержка пользователей'],['Настройка ПК'],0.5111821086261981,12.057406562198894,0.010767160161507403
['Техническая поддержка пользователей'],['Администрирование сетевого оборудования'],0.48881789137380194,12.994336074802678,0.010296096904441453
['Проведение презентаций'],['Активные продажи'],0.4075,6.912614155251141,0.010969044414535667
"['Деловая переписка', 'Организаторские навыки']",['Деловая коммуникация'],0.5694444444444444,5.54154842465255,0.011036339165545087
"['Поиск и привлечение клиентов', 'B2B Продажи']",['Активные продажи'],0.7427385892116183,12.59942401333864,0.012045760430686406
"['Настройка ПО', 'Настройка ПК']",['Настройка сетевых подключений'],0.6925373134328359,14.535458301711781,0.015612382234185734
"['Настройка ПО', 'Настройка ПК']",['Администрирование сетевого оборудования'],0.48656716417910445,12.934504579072437,0.010969044414535667
"['Настройка ПО', 'Настройка сетевых подключений']",['Настройка ПК'],0.8111888111888111,19.13375513375513,0.015612382234185734
"['Настройка ПО', 'Настройка сетевых подключений']",['Администрирование сетевого оборудования'],0.5384615384615384,14.314022292555387,0.010363391655450875
"['Заключение договоров', 'Активные продажи']",['Телефонные переговоры'],0.6417910447761194,12.01135381029362,0.011574697173620458
"['B2B Продажи', 'Телефонные переговоры']",['Активные продажи'],0.691358024691358,11.727831332093128,0.011305518169582772
['Администрирование сетевого оборудования'],['Настройка сетевых подключений'],0.5259391771019678,11.038779903580851,0.019784656796769853
['Администрирование сетевого оборудования'],['Настройка ПК'],0.45080500894454384,10.633273703041144,0.016958277254374158
['Развитие продаж'],['Управление продажами'],0.4934579439252336,14.99547044320853,0.017765814266487216
['Обновление конфигурации 1С'],['1С программирование'],0.8192307692307692,14.702619843924191,0.01433378196500673
['Работа с базами данных'],['Работа с большим объемом информации'],0.40253164556962023,4.619011778505449,0.01069986541049798
['Управление продажами'],['Развитие продаж'],0.5398773006134969,14.995470443208532,0.017765814266487216
['JavaScript'],['HTML'],0.45774647887323944,13.769458858413639,0.017496635262449527
['MySQL'],['Git'],0.4435483870967742,8.028171781069506,0.01110363391655451
['MySQL'],['PHP'],0.6532258064516129,19.8100724160632,0.016352624495289368
['HTML'],['JavaScript'],0.5263157894736842,13.769458858413639,0.017496635262449527
"['Настройка ПО', 'Администрирование сетевого оборудования']",['Настройка сетевых подключений'],0.751219512195122,15.76712140002756,0.010363391655450875
"['Настройка ПО', 'Администрирование сетевого оборудования']",['Настройка ПК'],0.7951219512195122,18.754781262098334,0.010969044414535667
['Обучение персонала'],['Организаторские навыки'],0.43478260869565216,4.508631936648563,0.012113055181695828
['Активные продажи'],['Телефонные переговоры'],0.4018264840182648,7.520329411223445,0.023687752355316286
"['Заключение договоров', 'Телефонные переговоры']",['Активные продажи'],0.6323529411764706,10.726900349180768,0.011574697173620458
