combination,size,freq_count,n_with,raw_premium,adjusted_premium,strata_used,best_individual_premium,synergy
Деловое общение + Навыки продаж,2,48,48,29308.0,60015.0,4,31839.0,28176.0
Управление командой + Управление продажами,2,54,54,49903.0,54366.0,4,35449.0,18917.0
Деловая коммуникация + Заключение договоров,2,67,67,58841.0,54067.0,5,38819.0,15248.0
Навыки продаж + Телефонные переговоры,2,61,61,22400.0,49649.0,4,31839.0,17810.0
B2B Продажи + Управление продажами,2,50,50,53859.0,49027.0,3,35449.0,13578.0
Организаторские навыки + Руководство коллективом,2,77,77,66262.0,46609.0,4,40051.0,6558.0
Активные продажи + Управление продажами,2,60,60,25428.0,46346.0,5,36348.0,9998.0
B2B Продажи + Деловая коммуникация,2,51,51,28561.0,45070.0,6,33197.0,11873.0
Деловое общение + Заключение договоров,2,65,65,23167.0,45030.0,6,38819.0,6211.0
Заключение договоров + Поиск и привлечение клиентов,2,55,55,25717.0,44412.0,5,38819.0,5593.0
Активные продажи + Деловое общение + Телефонные переговоры,3,51,51,30655.0,44371.0,4,36348.0,8023.0
SQL + UML,2,53,53,70748.0,43817.0,3,28049.0,15768.0
Активные продажи + Заключение договоров,2,64,64,21617.0,43805.0,4,38819.0,4986.0
Заключение договоров + Телефонные переговоры,2,85,85,23462.0,43771.0,6,38819.0,4952.0
Деловое общение + Поиск и привлечение клиентов,2,47,47,28897.0,43748.0,4,32897.0,10851.0
Активные продажи + Деловая коммуникация,2,49,49,17277.0,43615.0,5,36348.0,7267.0
Активные продажи + Заключение договоров + Телефонные переговоры,3,51,51,22573.0,42161.0,3,38819.0,3342.0
Развитие продаж + Управление продажами,2,84,84,44884.0,41307.0,5,35449.0,5858.0
BPMN + UML,2,57,57,66653.0,41083.0,2,28049.0,13034.0
Активные продажи + Планирование продаж,2,54,54,20623.0,40703.0,5,36348.0,4355.0
Активные продажи + Деловое общение,2,59,59,25752.0,40286.0,4,36348.0,3938.0
Организаторские навыки + Управление продажами,2,52,52,44693.0,40065.0,3,35449.0,4616.0
BPMN + SQL,2,59,59,66364.0,39521.0,3,27254.0,12267.0
Руководство коллективом + Управление командой,2,55,55,45596.0,39382.0,4,40051.0,-669.0
B2B Продажи + Развитие продаж,2,57,57,40665.0,39188.0,4,33197.0,5991.0
B2B Продажи + Активные продажи,2,91,91,17090.0,39136.0,6,36348.0,2788.0
Планирование продаж + Управление продажами,2,56,56,30294.0,38506.0,4,35449.0,3057.0
Активные продажи + Поиск и привлечение клиентов + Телефонные переговоры,3,55,55,9294.0,38216.0,5,36348.0,1868.0
Поиск и привлечение клиентов + Телефонные переговоры,2,71,71,13613.0,38168.0,5,32897.0,5271.0
Деловое общение + Заключение договоров + Телефонные переговоры,3,50,50,30584.0,38152.0,4,38819.0,-667.0
Активные продажи + Холодные продажи,2,61,61,20741.0,38047.0,5,40876.0,-2829.0
Деловая коммуникация + Телефонные переговоры,2,78,78,10036.0,36402.0,6,21813.0,14589.0
Активные продажи + Поиск и привлечение клиентов,2,90,90,12085.0,35758.0,5,36348.0,-590.0
Docker + Kubernetes,2,46,46,73430.0,35691.0,5,53673.0,-17982.0
Активные продажи + Телефонные переговоры + Холодные продажи,3,46,46,9780.0,35465.0,4,40876.0,-5411.0
Ведение переговоров + Деловая коммуникация,2,47,47,13242.0,35379.0,4,16731.0,18648.0
1С программирование + ERP-системы на базе 1С,2,64,64,42740.0,33893.0,5,24032.0,9861.0
Телефонные переговоры + Холодные продажи,2,52,52,1471.0,33440.0,5,40876.0,-7436.0
Активные продажи + Телефонные переговоры,2,106,106,14238.0,33010.0,5,36348.0,-3338.0
B2B Продажи + Заключение договоров,2,55,55,31389.0,32855.0,3,38819.0,-5964.0
Планирование продаж + Развитие продаж,2,52,52,25816.0,32363.0,4,35252.0,-2889.0
1С программирование + 1С: Предприятие,2,49,49,19448.0,29925.0,3,21492.0,8433.0
Активные продажи + Навыки продаж,2,81,81,-1748.0,29257.0,3,36348.0,-7091.0
API + SQL,2,51,51,37297.0,29256.0,3,15018.0,14238.0
Git + PostgreSQL + SQL,3,50,50,48347.0,29198.0,4,28782.0,416.0
PostgreSQL + Redis,2,58,58,61801.0,29026.0,6,28782.0,244.0
PostgreSQL + Python + SQL,3,55,55,45591.0,28700.0,4,28782.0,-82.0
B2B Продажи + Активные продажи + Поиск и привлечение клиентов,3,48,48,7386.0,28318.0,5,36348.0,-8030.0
Поиск и привлечение клиентов + Развитие продаж,2,56,56,18855.0,28298.0,4,32897.0,-4599.0
Git + PostgreSQL,2,115,115,43391.0,27959.0,7,28782.0,-823.0
Активные продажи + Развитие продаж,2,67,67,11130.0,27904.0,6,36348.0,-8444.0
B2B Продажи + Поиск и привлечение клиентов,2,59,59,7805.0,27745.0,5,33197.0,-5452.0
Деловая коммуникация + Деловая переписка + Деловое общение,3,68,68,11959.0,27684.0,7,9098.0,18586.0
PostgreSQL + SQL,2,143,143,51910.0,27433.0,8,28782.0,-1349.0
1С программирование + 1С: Документооборот,2,54,54,14473.0,27031.0,3,21492.0,5539.0
Деловое общение + Телефонные переговоры,2,109,109,4905.0,27028.0,6,21813.0,5215.0
Организаторские навыки + Управление командой,2,79,79,26325.0,26122.0,4,33719.0,-7597.0
Деловая переписка + Заключение договоров + Телефонные переговоры,3,47,47,26372.0,25125.0,2,38819.0,-13694.0
Деловая переписка + Заключение договоров,2,71,71,9171.0,23658.0,4,38819.0,-15161.0
PostgreSQL + Python,2,116,116,43970.0,23044.0,8,28782.0,-5738.0
B2B Продажи + Телефонные переговоры,2,78,78,-3040.0,22655.0,6,33197.0,-10542.0
Деловая коммуникация + Деловое общение,2,97,97,4002.0,22038.0,7,9098.0,12940.0
Docker + PostgreSQL,2,92,92,48850.0,21266.0,7,28782.0,-7516.0
Git + SQL,2,106,106,32819.0,21266.0,8,15018.0,6248.0
Деловая переписка + Деловое общение + Телефонные переговоры,3,55,55,13811.0,21083.0,4,21813.0,-730.0
B2B Продажи + Активные продажи + Телефонные переговоры,3,52,52,-7211.0,20338.0,5,36348.0,-16010.0
Деловая коммуникация + Работа с большим объемом информации,2,96,96,15334.0,19340.0,7,6424.0,12916.0
Деловая коммуникация + Организаторские навыки,2,115,115,17025.0,19096.0,7,12467.0,6629.0
1С программирование + 1С: Управление Торговлей,2,93,93,22208.0,18830.0,3,21492.0,-2662.0
Git + Python,2,82,82,27688.0,18332.0,7,13639.0,4693.0
Организаторские навыки + Работа с большим объемом информации,2,73,73,13147.0,17884.0,6,12467.0,5417.0
1С: Предприятие 8 + ERP-системы на базе 1С,2,50,50,26435.0,17855.0,4,24032.0,-6177.0
Docker + SQL,2,50,50,30014.0,17556.0,4,23447.0,-5891.0
Python + SQL,2,138,138,29424.0,17270.0,9,15018.0,2252.0
PHP + SQL,2,46,46,6513.0,17170.0,3,15018.0,2152.0
1С программирование + 1С: Бухгалтерия,2,94,94,20321.0,17123.0,3,21492.0,-4369.0
1С: Документооборот + 1С: Предприятие 8,2,47,47,-2675.0,16771.0,3,9320.0,7451.0
1С программирование + 1С: Предприятие 8,2,138,138,16519.0,16099.0,6,21492.0,-5393.0
Ведение переговоров + Телефонные переговоры,2,53,53,-3057.0,16024.0,5,21813.0,-5789.0
Деловая коммуникация + Деловая переписка + Работа с большим объемом информации,3,50,50,7267.0,15714.0,5,6424.0,9290.0
Работа с большим объемом информации + Телефонные переговоры,2,47,47,-11560.0,15370.0,4,21813.0,-6443.0
Ведение переговоров + Управление проектами,2,53,53,4311.0,15249.0,5,16731.0,-1482.0
PostgreSQL + REST API,2,71,71,42914.0,15105.0,4,28782.0,-13677.0
REST API + SQL,2,67,67,31798.0,14204.0,4,15018.0,-814.0
1С программирование + Аналитическое мышление,2,54,54,-4406.0,14194.0,3,21492.0,-7298.0
Постановка задач разработчикам + Разработка технических заданий,2,61,61,36522.0,14092.0,5,14538.0,-446.0
1С программирование + 1С: Бухгалтерия + 1С: Управление Торговлей,3,49,49,18013.0,13156.0,3,21492.0,-8336.0
Обучение персонала + Руководство коллективом,2,46,46,11245.0,12676.0,4,40051.0,-27375.0
Деловая коммуникация + Деловая переписка + Телефонные переговоры,3,48,48,8465.0,12262.0,4,21813.0,-9551.0
1С + 1С программирование,2,86,86,16158.0,12008.0,5,21492.0,-9484.0
JavaScript + PostgreSQL,2,50,50,18085.0,11423.0,5,28782.0,-17359.0
Linux + PostgreSQL,2,66,66,39430.0,11357.0,5,28782.0,-17425.0
Деловая переписка + Деловое общение,2,125,125,-10489.0,11068.0,7,9098.0,1970.0
Laravel + PHP,2,52,52,16802.0,10955.0,4,11604.0,-649.0
Аналитическое мышление + Деловая коммуникация,2,80,80,-5910.0,10471.0,7,6424.0,4047.0
1С: Бухгалтерия + 1С: Управление Торговлей,2,69,69,15049.0,10462.0,4,10494.0,-32.0
1С программирование + 1С: Бухгалтерия + 1С: Предприятие 8,3,56,56,11943.0,10344.0,3,21492.0,-11148.0
1С: Предприятие 8 + 1С: Управление Торговлей,2,76,76,6402.0,10217.0,4,10494.0,-277.0
1С программирование + 1С: Предприятие 8 + 1С: Управление Торговлей,3,49,49,11012.0,9613.0,3,21492.0,-11879.0
Git + Linux,2,74,74,11113.0,9562.0,6,11596.0,-2034.0
B2B Продажи + Деловое общение,2,47,47,3851.0,9152.0,4,33197.0,-24045.0
Деловая коммуникация + Деловая переписка + Организаторские навыки,3,48,48,963.0,9141.0,4,12467.0,-3326.0
JavaScript + SQL,2,51,51,10726.0,9065.0,5,15018.0,-5953.0
Docker + Python,2,87,87,39851.0,8768.0,6,23447.0,-14679.0
1С программирование + Обновление конфигурации 1С,2,82,82,11610.0,8546.0,4,21492.0,-12946.0
Linux + SQL,2,62,62,8972.0,8001.0,6,15018.0,-7017.0
Деловая коммуникация + Деловая переписка,2,136,136,-9590.0,7637.0,7,6424.0,1213.0
JavaScript + TypeScript,2,59,59,26234.0,7601.0,3,5152.0,2449.0
Docker + Git,2,85,85,29453.0,7388.0,6,23447.0,-16059.0
PHP + PostgreSQL,2,48,48,25791.0,7142.0,3,28782.0,-21640.0
JavaScript + React,2,51,51,23103.0,6583.0,3,2738.0,3845.0
Деловая переписка + Телефонные переговоры,2,90,90,-8787.0,5037.0,4,21813.0,-16776.0
Аналитическое мышление + Бизнес-анализ,2,52,52,-2866.0,5002.0,3,401.0,4601.0
Linux + Python,2,99,99,12841.0,4361.0,7,13639.0,-9278.0
Деловое общение + Организаторские навыки,2,65,65,1904.0,4167.0,5,12467.0,-8300.0
Git + PHP,2,84,84,5686.0,3509.0,5,11596.0,-8087.0
Docker + Linux,2,79,79,29156.0,3389.0,5,23447.0,-20058.0
Git + JavaScript + PHP,3,51,51,-9151.0,3361.0,3,11596.0,-8235.0
Работа в команде + Управление проектами,2,51,51,-21060.0,3274.0,4,969.0,2305.0
1С + 1С: Предприятие 8,2,64,64,10821.0,2760.0,4,1914.0,846.0
Деловое общение + Работа с большим объемом информации,2,74,74,-18154.0,2752.0,7,9098.0,-6346.0
Обучение персонала + Организаторские навыки,2,52,52,-6346.0,2119.0,4,12467.0,-10348.0
Аналитическое мышление + Работа с большим объемом информации,2,134,134,-9688.0,2013.0,7,-128.0,2141.0
Деловая переписка + Работа в команде,2,46,46,-19544.0,1781.0,4,-1872.0,3653.0
Деловая переписка + Организаторские навыки,2,72,72,-5474.0,1758.0,6,12467.0,-10709.0
Деловое общение + Работа в команде,2,47,47,-27316.0,1343.0,3,9098.0,-7755.0
Аналитическое мышление + Работа с базами данных,2,51,51,-28664.0,1286.0,4,-128.0,1414.0
Аналитическое мышление + Разработка технических заданий,2,63,63,-6810.0,1045.0,5,4429.0,-3384.0
Git + REST API,2,62,62,14631.0,877.0,3,11596.0,-10719.0
Обучение персонала + Подбор персонала,2,56,56,-22976.0,-342.0,5,2150.0,-2492.0
Git + JavaScript,2,98,98,2108.0,-1804.0,6,11596.0,-13400.0
Git + HTML,2,54,54,-4865.0,-3093.0,4,11596.0,-14689.0
1С: Бухгалтерия + 1С: Предприятие 8,2,86,86,3618.0,-3111.0,6,550.0,-3661.0
HTML + JavaScript + PHP,3,47,47,-24095.0,-3482.0,4,-7617.0,4135.0
Аналитическое мышление + Организаторские навыки,2,60,60,17106.0,-3784.0,5,12467.0,-16251.0
1С: Предприятие 8 + Аналитическое мышление,2,48,48,-14724.0,-4190.0,3,550.0,-4740.0
Мотивация персонала + Подбор персонала,2,46,46,-20441.0,-5227.0,5,13470.0,-18697.0
1С: Предприятие 8 + Обновление конфигурации 1С,2,48,48,-8676.0,-5350.0,4,7652.0,-13002.0
Аналитическое мышление + Постановка задач разработчикам,2,52,52,-491.0,-6638.0,4,14538.0,-21176.0
Деловая переписка + Работа с большим объемом информации,2,97,97,-22582.0,-6862.0,7,-4999.0,-1863.0
Грамотная речь + Работа в команде,2,60,60,-32391.0,-7162.0,4,-1872.0,-5290.0
MySQL + PHP,2,99,99,-6762.0,-7278.0,5,-7617.0,339.0
JavaScript + Python,2,56,56,-16868.0,-7737.0,5,13639.0,-21376.0
Git + MySQL,2,65,65,-4336.0,-8560.0,4,11596.0,-20156.0
1С + Аналитическое мышление,2,48,48,-16779.0,-9369.0,3,1914.0,-11283.0
Git + MySQL + PHP,3,49,49,-8364.0,-9962.0,4,11596.0,-21558.0
Анализ данных + Аналитическое мышление,2,66,66,-23743.0,-10410.0,6,-128.0,-10282.0
HTML + PHP,2,81,81,-23017.0,-11642.0,6,-7617.0,-4025.0
E-Commerce + Маркетплейсы,2,54,54,-7863.0,-13569.0,4,-8015.0,-5554.0
JavaScript + PHP,2,93,93,-19096.0,-13751.0,6,-7617.0,-6134.0
HTML + MySQL,2,49,49,-24926.0,-14252.0,4,-9462.0,-4790.0
CSS + JavaScript,2,52,52,-14011.0,-14681.0,5,-8845.0,-5836.0
HTML + JavaScript,2,100,100,-25818.0,-14996.0,6,-8845.0,-6151.0
CSS + HTML,2,72,72,-28058.0,-15347.0,5,-22171.0,6824.0
JavaScript + MySQL,2,60,60,-16105.0,-16456.0,4,-8845.0,-7611.0
Обучение и развитие + Организаторские навыки,2,57,57,-23135.0,-16822.0,6,12467.0,-29289.0
CSS + PHP,2,46,46,-33477.0,-17723.0,4,-7617.0,-10106.0
JavaScript + MySQL + PHP,3,51,51,-17591.0,-18284.0,4,-7617.0,-10667.0
HTML5 + JavaScript,2,46,46,-13310.0,-21228.0,4,-8845.0,-12383.0
Работа с базами данных + Работа с большим объемом информации,2,51,51,-36792.0,-21323.0,4,-2415.0,-18908.0
Администрирование сетевого оборудования + Настройка сетевых подключений,2,69,69,-32990.0,-21602.0,5,-23402.0,1800.0
Настройка ПК + Настройка ПО + Настройка сетевых подключений,3,52,52,-48892.0,-24103.0,4,-23402.0,-701.0
Настройка ПО + Настройка сетевых подключений,2,60,60,-50311.0,-25810.0,4,-23402.0,-2408.0
Администрирование сетевого оборудования + Настройка ПК,2,50,50,-51172.0,-29294.0,4,-24428.0,-4866.0
Настройка ПК + Настройка ПО,2,73,73,-51163.0,-30531.0,5,-30868.0,337.0
SEO + SEO оптимизация,2,47,47,-39469.0,-31780.0,5,-28492.0,-3288.0
Настройка ПК + Настройка сетевых подключений,2,69,69,-49713.0,-36459.0,5,-23402.0,-13057.0
